

CREATE TABLE `admin_notification` (
  `notification_id` int(11) NOT NULL AUTO_INCREMENT,
  `customer_id` int(11) DEFAULT NULL,
  `guest_id` int(11) DEFAULT NULL,
  `title` text NOT NULL,
  `msg` text NOT NULL,
  `notification_type` varchar(20) NOT NULL,
  `notification_status` varchar(20) NOT NULL,
  `notification_date` datetime NOT NULL,
  PRIMARY KEY (`notification_id`)
) ENGINE=InnoDB AUTO_INCREMENT=4 DEFAULT CHARSET=latin1;

INSERT INTO admin_notification VALUES("1","1","","Requirement Update","requirement","requirement_update","unread","2020-10-07 12:49:12");
INSERT INTO admin_notification VALUES("2","","2","Membership Request","","membership_request","completed","2020-10-07 13:09:50");
INSERT INTO admin_notification VALUES("3","1","","Requirement Update","","requirement_update","unread","2020-10-14 23:27:22");



CREATE TABLE `agent_location` (
  `sr_no` int(11) NOT NULL AUTO_INCREMENT,
  `agent_id` int(11) NOT NULL,
  `lat` decimal(10,8) NOT NULL,
  `lng` decimal(11,8) NOT NULL,
  PRIMARY KEY (`sr_no`)
) ENGINE=InnoDB AUTO_INCREMENT=7 DEFAULT CHARSET=latin1;

INSERT INTO agent_location VALUES("1","25","23.17897900","77.42794400");
INSERT INTO agent_location VALUES("2","10","23.23130000","77.43260000");
INSERT INTO agent_location VALUES("3","2","22.97342290","78.65689420");
INSERT INTO agent_location VALUES("4","3","23.23130000","77.43260000");
INSERT INTO agent_location VALUES("5","0","22.97342290","78.65689420");
INSERT INTO agent_location VALUES("6","23","0.00000000","0.00000000");



CREATE TABLE `agent_stock` (
  `stock_date` date NOT NULL,
  `user_id` int(11) NOT NULL,
  `product_id` int(11) NOT NULL,
  `assigned_qty` float(8,3) NOT NULL,
  `sold_qty` float(8,3) NOT NULL,
  `remaining_qty` float(8,3) NOT NULL,
  `transferred_stock` float(8,3) NOT NULL,
  `transferred_to` int(11) NOT NULL,
  `received_stock` float(8,3) NOT NULL,
  `received_by` int(11) NOT NULL,
  `lost_qty` float(8,3) NOT NULL
) ENGINE=InnoDB DEFAULT CHARSET=latin1;

INSERT INTO agent_stock VALUES("2020-03-01","2","20","3.000","0.000","0.000","0.000","0","0.000","0","6.000");
INSERT INTO agent_stock VALUES("2020-03-01","2","3","1.000","0.000","0.000","0.000","0","0.000","0","2.000");
INSERT INTO agent_stock VALUES("2020-03-01","2","18","1.000","0.000","0.000","0.000","0","0.000","0","2.000");
INSERT INTO agent_stock VALUES("2020-03-01","2","6","3.000","0.000","0.000","0.000","0","0.000","0","6.000");
INSERT INTO agent_stock VALUES("2020-03-01","2","19","2.000","0.000","0.000","0.000","0","0.000","0","4.000");
INSERT INTO agent_stock VALUES("2020-03-01","2","4","2.000","0.000","0.000","0.000","0","0.000","0","4.000");
INSERT INTO agent_stock VALUES("2020-03-02","2","20","0.000","0.000","0.000","0.000","0","0.000","0","0.000");
INSERT INTO agent_stock VALUES("2020-03-02","2","3","1.600","0.000","0.000","0.000","0","0.000","0","1.600");
INSERT INTO agent_stock VALUES("2020-03-02","2","18","0.000","0.000","0.000","0.000","0","0.000","0","0.000");
INSERT INTO agent_stock VALUES("2020-03-02","2","6","0.000","0.000","0.000","0.000","0","0.000","0","0.000");
INSERT INTO agent_stock VALUES("2020-03-02","2","19","3.000","0.000","0.000","0.000","0","0.000","0","3.000");
INSERT INTO agent_stock VALUES("2020-03-02","2","4","0.000","0.000","0.000","0.000","0","0.000","0","0.000");
INSERT INTO agent_stock VALUES("2020-03-05","2","20","10.000","0.000","10.000","0.000","0","0.000","0","0.000");
INSERT INTO agent_stock VALUES("2020-03-05","2","3","10.000","0.000","10.000","0.000","0","0.000","0","0.000");
INSERT INTO agent_stock VALUES("2020-03-05","2","18","10.000","0.000","10.000","0.000","0","0.000","0","0.000");
INSERT INTO agent_stock VALUES("2020-03-05","2","6","10.000","0.000","10.000","0.000","0","0.000","0","0.000");
INSERT INTO agent_stock VALUES("2020-03-05","2","19","10.000","0.000","10.000","0.000","0","0.000","0","0.000");
INSERT INTO agent_stock VALUES("2020-03-05","2","4","10.000","0.000","10.000","0.000","0","0.000","0","0.000");
INSERT INTO agent_stock VALUES("2020-03-09","3","20","5.000","0.000","5.000","0.000","0","0.000","0","0.000");
INSERT INTO agent_stock VALUES("2020-03-09","3","19","5.000","0.000","3.000","2.000","2","0.000","0","0.000");
INSERT INTO agent_stock VALUES("2020-03-09","3","4","5.000","0.000","5.000","0.000","0","0.000","0","0.000");
INSERT INTO agent_stock VALUES("2020-03-09","2","20","5.000","0.000","5.000","0.000","0","0.000","0","0.000");
INSERT INTO agent_stock VALUES("2020-03-09","2","19","5.000","0.000","7.000","0.000","0","2.000","3","0.000");
INSERT INTO agent_stock VALUES("2020-03-09","2","4","5.000","0.000","5.000","0.000","0","0.000","0","0.000");
INSERT INTO agent_stock VALUES("2020-03-10","3","20","6.000","0.000","6.000","0.000","0","0.000","0","0.000");
INSERT INTO agent_stock VALUES("2020-03-10","3","19","7.000","0.000","4.000","3.000","2","0.000","0","0.000");
INSERT INTO agent_stock VALUES("2020-03-10","3","4","8.000","0.000","4.000","4.000","2","0.000","0","0.000");
INSERT INTO agent_stock VALUES("2020-03-10","2","20","2.000","0.000","2.000","0.000","0","0.000","0","0.000");
INSERT INTO agent_stock VALUES("2020-03-10","2","19","2.000","0.000","5.000","0.000","0","3.000","3","0.000");
INSERT INTO agent_stock VALUES("2020-03-10","2","4","2.000","0.000","6.000","0.000","0","4.000","3","0.000");
INSERT INTO agent_stock VALUES("2020-03-11","3","20","11.000","0.000","0.000","0.000","0","0.000","0","0.000");
INSERT INTO agent_stock VALUES("2020-03-11","3","19","11.000","0.000","0.000","5.000","2","0.000","0","0.000");
INSERT INTO agent_stock VALUES("2020-03-11","3","4","5.250","0.000","0.000","0.000","0","0.000","0","0.000");
INSERT INTO agent_stock VALUES("2020-03-11","2","20","5.000","0.000","0.000","0.000","0","0.000","0","0.000");
INSERT INTO agent_stock VALUES("2020-03-11","2","19","5.000","0.000","0.000","0.000","0","5.000","3","0.000");
INSERT INTO agent_stock VALUES("2020-03-11","2","4","3.000","0.000","0.000","0.000","0","0.000","0","0.000");
INSERT INTO agent_stock VALUES("2020-03-12","3","20","5.000","0.000","5.000","0.000","0","0.000","0","0.000");
INSERT INTO agent_stock VALUES("2020-03-12","3","19","5.000","0.000","5.000","0.000","0","0.000","0","0.000");
INSERT INTO agent_stock VALUES("2020-03-12","3","4","5.250","0.000","5.250","0.000","0","0.000","0","0.000");
INSERT INTO agent_stock VALUES("2020-04-14","2","20","6.000","0.000","6.000","0.000","0","0.000","0","0.000");
INSERT INTO agent_stock VALUES("2020-04-14","2","19","6.000","0.000","6.000","0.000","0","0.000","0","0.000");
INSERT INTO agent_stock VALUES("2020-04-14","2","4","7.000","0.000","7.000","0.000","0","0.000","0","0.000");
INSERT INTO agent_stock VALUES("2020-04-14","3","20","1.000","0.000","1.000","0.000","0","0.000","0","0.000");
INSERT INTO agent_stock VALUES("2020-04-14","3","19","1.000","0.000","1.000","0.000","0","0.000","0","0.000");
INSERT INTO agent_stock VALUES("2020-04-14","3","4","1.000","0.000","1.000","0.000","0","0.000","0","0.000");
INSERT INTO agent_stock VALUES("2020-04-14","19","20","1.000","0.000","1.000","0.000","0","0.000","0","0.000");
INSERT INTO agent_stock VALUES("2020-04-14","19","19","1.000","0.000","1.000","0.000","0","0.000","0","0.000");
INSERT INTO agent_stock VALUES("2020-04-14","19","4","1.000","0.000","1.000","0.000","0","0.000","0","0.000");
INSERT INTO agent_stock VALUES("2020-04-24","3","20","14.000","0.000","4.000","0.000","0","0.000","0","0.000");
INSERT INTO agent_stock VALUES("2020-04-24","3","19","14.000","0.000","4.000","0.000","0","0.000","0","0.000");
INSERT INTO agent_stock VALUES("2020-04-24","3","4","13.000","0.000","3.000","0.000","0","0.000","0","5.000");
INSERT INTO agent_stock VALUES("2020-04-24","2","20","12.000","0.000","2.000","0.000","0","0.000","0","0.000");
INSERT INTO agent_stock VALUES("2020-04-24","2","19","12.000","0.000","2.000","0.000","0","0.000","0","0.000");
INSERT INTO agent_stock VALUES("2020-04-24","2","4","12.000","0.000","2.000","0.000","0","0.000","0","5.000");
INSERT INTO agent_stock VALUES("2020-04-25","2","20","10.000","0.000","0.000","0.000","0","0.000","0","0.000");
INSERT INTO agent_stock VALUES("2020-04-25","2","19","10.000","0.000","0.000","0.000","0","0.000","0","0.000");
INSERT INTO agent_stock VALUES("2020-04-25","2","4","10.000","0.000","0.000","0.000","0","0.000","0","0.000");
INSERT INTO agent_stock VALUES("2020-04-25","3","20","3.000","0.000","0.000","0.000","0","0.000","0","0.000");
INSERT INTO agent_stock VALUES("2020-04-25","3","19","3.000","0.000","0.000","0.000","0","0.000","0","2.000");
INSERT INTO agent_stock VALUES("2020-04-25","3","4","3.241","0.000","0.000","0.000","0","0.000","0","0.000");
INSERT INTO agent_stock VALUES("2020-04-26","2","20","8.000","0.000","5.000","0.000","0","0.000","0","1.000");
INSERT INTO agent_stock VALUES("2020-04-26","2","19","8.000","0.000","5.000","0.000","0","0.000","0","1.000");
INSERT INTO agent_stock VALUES("2020-04-26","2","4","11.000","0.000","8.000","0.000","0","0.000","0","1.000");
INSERT INTO agent_stock VALUES("2020-04-26","3","20","3.000","0.000","0.000","0.000","0","0.000","0","0.000");
INSERT INTO agent_stock VALUES("2020-04-26","3","19","3.000","0.000","0.000","0.000","0","0.000","0","0.000");
INSERT INTO agent_stock VALUES("2020-04-26","3","4","3.000","0.000","0.000","0.000","0","0.000","0","0.000");
INSERT INTO agent_stock VALUES("2020-04-26","19","20","3.000","0.000","0.000","0.000","0","0.000","0","0.000");
INSERT INTO agent_stock VALUES("2020-04-26","19","19","3.000","0.000","0.000","0.000","0","0.000","0","0.000");
INSERT INTO agent_stock VALUES("2020-04-26","19","4","3.000","0.000","0.000","0.000","0","0.000","0","0.000");
INSERT INTO agent_stock VALUES("2020-04-28","2","20","5.000","0.000","5.000","0.000","0","0.000","0","0.000");
INSERT INTO agent_stock VALUES("2020-04-28","2","19","5.000","0.000","5.000","0.000","0","0.000","0","0.000");
INSERT INTO agent_stock VALUES("2020-04-28","2","4","5.000","0.000","5.000","0.000","0","0.000","0","0.000");
INSERT INTO agent_stock VALUES("2020-04-28","3","20","5.000","0.000","5.000","0.000","0","0.000","0","0.000");
INSERT INTO agent_stock VALUES("2020-04-28","3","19","5.000","0.000","5.000","0.000","0","0.000","0","0.000");
INSERT INTO agent_stock VALUES("2020-04-28","3","4","5.000","0.000","5.000","0.000","0","0.000","0","0.000");
INSERT INTO agent_stock VALUES("2020-04-28","19","20","5.000","0.000","5.000","0.000","0","0.000","0","0.000");
INSERT INTO agent_stock VALUES("2020-04-28","19","19","5.000","0.000","5.000","0.000","0","0.000","0","0.000");
INSERT INTO agent_stock VALUES("2020-04-28","19","4","5.000","0.000","5.000","0.000","0","0.000","0","0.000");
INSERT INTO agent_stock VALUES("2020-05-03","2","20","0.000","0.000","0.000","0.000","0","0.000","0","0.000");
INSERT INTO agent_stock VALUES("2020-05-03","2","19","10.000","0.000","10.000","0.000","0","0.000","0","0.000");
INSERT INTO agent_stock VALUES("2020-05-03","2","4","10.450","0.000","10.450","0.000","0","0.000","0","0.000");
INSERT INTO agent_stock VALUES("2020-06-01","2","20","10.000","0.000","10.000","0.000","0","0.000","0","0.000");
INSERT INTO agent_stock VALUES("2020-06-01","2","19","10.000","0.000","10.000","0.000","0","0.000","0","0.000");
INSERT INTO agent_stock VALUES("2020-06-01","2","4","10.000","0.000","10.000","0.000","0","0.000","0","0.000");
INSERT INTO agent_stock VALUES("2020-07-11","2","20","10.000","0.000","10.000","0.000","0","0.000","0","0.000");
INSERT INTO agent_stock VALUES("2020-07-11","2","21","0.000","0.000","0.000","0.000","0","0.000","0","0.000");
INSERT INTO agent_stock VALUES("2020-07-11","2","19","0.000","0.000","0.000","0.000","0","0.000","0","0.000");
INSERT INTO agent_stock VALUES("2020-07-11","2","4","0.000","0.000","0.000","0.000","0","0.000","0","0.000");
INSERT INTO agent_stock VALUES("2020-07-26","2","20","20.000","0.000","8.000","12.000","3","0.000","0","0.000");
INSERT INTO agent_stock VALUES("2020-07-26","2","21","0.000","0.000","0.000","0.000","0","0.000","0","0.000");
INSERT INTO agent_stock VALUES("2020-07-26","2","22","0.000","0.000","0.000","0.000","0","0.000","0","0.000");
INSERT INTO agent_stock VALUES("2020-07-26","2","19","0.000","0.000","0.000","0.000","0","0.000","0","0.000");
INSERT INTO agent_stock VALUES("2020-07-26","2","23","0.000","0.000","0.000","0.000","0","0.000","0","0.000");
INSERT INTO agent_stock VALUES("2020-07-26","2","4","0.000","0.000","0.000","0.000","0","0.000","0","0.000");
INSERT INTO agent_stock VALUES("2020-07-26","3","20","20.000","0.000","32.000","0.000","0","12.000","2","0.000");
INSERT INTO agent_stock VALUES("2020-07-26","3","21","0.000","0.000","0.000","0.000","0","0.000","0","0.000");
INSERT INTO agent_stock VALUES("2020-07-26","3","22","0.000","0.000","0.000","0.000","0","0.000","0","0.000");
INSERT INTO agent_stock VALUES("2020-07-26","3","19","0.000","0.000","0.000","0.000","0","0.000","0","0.000");
INSERT INTO agent_stock VALUES("2020-07-26","3","23","0.000","0.000","0.000","0.000","0","0.000","0","0.000");
INSERT INTO agent_stock VALUES("2020-07-26","3","4","0.000","0.000","0.000","0.000","0","0.000","0","0.000");
INSERT INTO agent_stock VALUES("2020-08-03","2","20","10.000","2.000","8.000","0.000","0","0.000","0","0.000");
INSERT INTO agent_stock VALUES("2020-08-03","2","21","0.000","0.000","0.000","0.000","0","0.000","0","0.000");
INSERT INTO agent_stock VALUES("2020-08-03","2","22","0.000","0.000","0.000","0.000","0","0.000","0","0.000");
INSERT INTO agent_stock VALUES("2020-08-03","2","19","0.000","0.000","0.000","0.000","0","0.000","0","0.000");
INSERT INTO agent_stock VALUES("2020-08-03","2","23","0.000","0.000","0.000","0.000","0","0.000","0","0.000");
INSERT INTO agent_stock VALUES("2020-08-03","2","4","0.000","0.000","0.000","0.000","0","0.000","0","0.000");
INSERT INTO agent_stock VALUES("2020-09-29","2","20","127.000","27.000","100.000","0.000","0","0.000","0","0.000");
INSERT INTO agent_stock VALUES("2020-09-29","2","21","0.000","0.000","0.000","0.000","0","0.000","0","0.000");
INSERT INTO agent_stock VALUES("2020-09-29","2","22","121.000","5.000","116.000","0.000","0","0.000","0","0.000");
INSERT INTO agent_stock VALUES("2020-09-29","2","19","126.000","30.000","96.000","0.000","0","0.000","0","0.000");
INSERT INTO agent_stock VALUES("2020-09-29","2","23","0.000","0.000","0.000","0.000","0","0.000","0","0.000");
INSERT INTO agent_stock VALUES("2020-09-29","2","4","0.000","0.000","0.000","0.000","0","0.000","0","0.000");
INSERT INTO agent_stock VALUES("2020-09-30","2","20","21.000","17.000","4.000","0.000","0","0.000","0","0.000");
INSERT INTO agent_stock VALUES("2020-09-30","2","21","0.000","0.000","0.000","0.000","0","0.000","0","0.000");
INSERT INTO agent_stock VALUES("2020-09-30","2","22","11.000","0.000","11.000","0.000","0","0.000","0","0.000");
INSERT INTO agent_stock VALUES("2020-09-30","2","19","11.000","5.000","6.000","0.000","0","0.000","0","0.000");
INSERT INTO agent_stock VALUES("2020-09-30","2","23","0.000","0.000","0.000","0.000","0","0.000","0","0.000");
INSERT INTO agent_stock VALUES("2020-09-30","2","4","0.000","0.000","0.000","0.000","0","0.000","0","0.000");
INSERT INTO agent_stock VALUES("2020-10-05","2","20","50.000","1.000","49.000","0.000","0","0.000","0","0.000");
INSERT INTO agent_stock VALUES("2020-10-05","2","21","0.000","0.000","0.000","0.000","0","0.000","0","0.000");
INSERT INTO agent_stock VALUES("2020-10-05","2","22","0.000","0.000","0.000","0.000","0","0.000","0","0.000");
INSERT INTO agent_stock VALUES("2020-10-05","2","19","50.000","2.000","48.000","0.000","0","0.000","0","0.000");
INSERT INTO agent_stock VALUES("2020-10-05","2","23","0.000","0.000","0.000","0.000","0","0.000","0","0.000");
INSERT INTO agent_stock VALUES("2020-10-05","2","4","0.000","0.000","0.000","0.000","0","0.000","0","0.000");
INSERT INTO agent_stock VALUES("2020-10-14","2","20","100.000","4.000","96.000","0.000","0","0.000","0","0.000");
INSERT INTO agent_stock VALUES("2020-10-14","2","21","0.000","0.000","0.000","0.000","0","0.000","0","0.000");
INSERT INTO agent_stock VALUES("2020-10-14","2","22","0.000","0.000","0.000","0.000","0","0.000","0","0.000");
INSERT INTO agent_stock VALUES("2020-10-14","2","19","0.000","0.000","0.000","0.000","0","0.000","0","0.000");
INSERT INTO agent_stock VALUES("2020-10-14","2","23","0.000","0.000","0.000","0.000","0","0.000","0","0.000");
INSERT INTO agent_stock VALUES("2020-10-14","2","4","0.000","0.000","0.000","0.000","0","0.000","0","0.000");
INSERT INTO agent_stock VALUES("2020-10-15","2","20","100.000","5.000","95.000","0.000","0","0.000","0","0.000");
INSERT INTO agent_stock VALUES("2020-10-15","2","21","0.000","0.000","0.000","0.000","0","0.000","0","0.000");
INSERT INTO agent_stock VALUES("2020-10-15","2","22","0.000","0.000","0.000","0.000","0","0.000","0","0.000");
INSERT INTO agent_stock VALUES("2020-10-15","2","19","0.000","0.000","0.000","0.000","0","0.000","0","0.000");
INSERT INTO agent_stock VALUES("2020-10-15","2","23","0.000","0.000","0.000","0.000","0","0.000","0","0.000");
INSERT INTO agent_stock VALUES("2020-10-15","2","4","0.000","0.000","0.000","0.000","0","0.000","0","0.000");



CREATE TABLE `app_banner` (
  `banner_id` int(11) NOT NULL AUTO_INCREMENT,
  `banner_img` varchar(200) NOT NULL,
  `banner_type` varchar(20) NOT NULL,
  `banner_status` varchar(20) NOT NULL,
  PRIMARY KEY (`banner_id`)
) ENGINE=InnoDB AUTO_INCREMENT=3 DEFAULT CHARSET=latin1;

INSERT INTO app_banner VALUES("1","375351592393684235bfaa3.jpg","","active");
INSERT INTO app_banner VALUES("2","1848315920492551ddf7a32.jpg","","active");



CREATE TABLE `app_version` (
  `version_no` varchar(30) NOT NULL
) ENGINE=InnoDB DEFAULT CHARSET=latin1;

INSERT INTO app_version VALUES("1.2.3");



CREATE TABLE `atm_card_detail` (
  `atm_id` int(11) NOT NULL AUTO_INCREMENT,
  `qr_code` varchar(20) NOT NULL,
  `atm_card_no` varchar(20) NOT NULL,
  `customer_id` int(11) DEFAULT NULL,
  `card_status` varchar(15) NOT NULL,
  `card_assign_time` datetime NOT NULL,
  `last_transaction_date` datetime NOT NULL,
  `last_recharge_date` datetime NOT NULL,
  PRIMARY KEY (`atm_id`),
  KEY `customer_id` (`customer_id`),
  CONSTRAINT `atm_card_detail_ibfk_1` FOREIGN KEY (`customer_id`) REFERENCES `customer_details` (`customer_id`)
) ENGINE=InnoDB AUTO_INCREMENT=1001 DEFAULT CHARSET=latin1;

INSERT INTO atm_card_detail VALUES("1","MD_1001","2050001","1","active","2020-10-04 20:51:31","2020-10-15 19:54:26","2020-10-15 16:06:15");
INSERT INTO atm_card_detail VALUES("2","MD_1002","2050002","2","active","2020-10-05 14:58:11","2020-10-15 15:47:37","0000-00-00 00:00:00");
INSERT INTO atm_card_detail VALUES("3","MD_1003","2050003","","","0000-00-00 00:00:00","0000-00-00 00:00:00","0000-00-00 00:00:00");
INSERT INTO atm_card_detail VALUES("4","MD_1004","2050004","3","active","2020-10-07 15:53:53","2020-10-15 23:45:54","2020-10-07 15:53:53");
INSERT INTO atm_card_detail VALUES("5","MD_1005","2050005","","","0000-00-00 00:00:00","0000-00-00 00:00:00","0000-00-00 00:00:00");
INSERT INTO atm_card_detail VALUES("6","MD_1006","2050006","4","active","2020-10-07 15:56:24","0000-00-00 00:00:00","2020-10-07 15:56:24");
INSERT INTO atm_card_detail VALUES("7","MD_1007","2050007","5","active","2020-10-07 16:02:50","0000-00-00 00:00:00","0000-00-00 00:00:00");
INSERT INTO atm_card_detail VALUES("8","MD_1008","2050008","6","active","2020-10-07 17:31:54","2020-10-15 15:12:07","0000-00-00 00:00:00");
INSERT INTO atm_card_detail VALUES("9","MD_1009","2050009","","","0000-00-00 00:00:00","0000-00-00 00:00:00","0000-00-00 00:00:00");
INSERT INTO atm_card_detail VALUES("10","MD_1010","2050010","","","0000-00-00 00:00:00","0000-00-00 00:00:00","0000-00-00 00:00:00");
INSERT INTO atm_card_detail VALUES("11","MD_1011","2050011","","","0000-00-00 00:00:00","0000-00-00 00:00:00","0000-00-00 00:00:00");
INSERT INTO atm_card_detail VALUES("12","MD_1012","2050012","","","0000-00-00 00:00:00","0000-00-00 00:00:00","0000-00-00 00:00:00");
INSERT INTO atm_card_detail VALUES("13","MD_1013","2050013","","","0000-00-00 00:00:00","0000-00-00 00:00:00","0000-00-00 00:00:00");
INSERT INTO atm_card_detail VALUES("14","MD_1014","2050014","","","0000-00-00 00:00:00","0000-00-00 00:00:00","0000-00-00 00:00:00");
INSERT INTO atm_card_detail VALUES("15","MD_1015","2050015","","","0000-00-00 00:00:00","0000-00-00 00:00:00","0000-00-00 00:00:00");
INSERT INTO atm_card_detail VALUES("16","MD_1016","2050016","","","0000-00-00 00:00:00","0000-00-00 00:00:00","0000-00-00 00:00:00");
INSERT INTO atm_card_detail VALUES("17","MD_1017","2050017","","","0000-00-00 00:00:00","0000-00-00 00:00:00","0000-00-00 00:00:00");
INSERT INTO atm_card_detail VALUES("18","MD_1018","2050018","","","0000-00-00 00:00:00","0000-00-00 00:00:00","0000-00-00 00:00:00");
INSERT INTO atm_card_detail VALUES("19","MD_1019","2050019","","","0000-00-00 00:00:00","0000-00-00 00:00:00","0000-00-00 00:00:00");
INSERT INTO atm_card_detail VALUES("20","MD_1020","2050020","","","0000-00-00 00:00:00","0000-00-00 00:00:00","0000-00-00 00:00:00");
INSERT INTO atm_card_detail VALUES("21","MD_1021","2050021","","","0000-00-00 00:00:00","0000-00-00 00:00:00","0000-00-00 00:00:00");
INSERT INTO atm_card_detail VALUES("22","MD_1022","2050022","","","0000-00-00 00:00:00","0000-00-00 00:00:00","0000-00-00 00:00:00");
INSERT INTO atm_card_detail VALUES("23","MD_1023","2050023","","","0000-00-00 00:00:00","0000-00-00 00:00:00","0000-00-00 00:00:00");
INSERT INTO atm_card_detail VALUES("24","MD_1024","2050024","","","0000-00-00 00:00:00","0000-00-00 00:00:00","0000-00-00 00:00:00");
INSERT INTO atm_card_detail VALUES("25","MD_1025","2050025","","lost","0000-00-00 00:00:00","0000-00-00 00:00:00","0000-00-00 00:00:00");
INSERT INTO atm_card_detail VALUES("26","MD_1026","2050026","","","0000-00-00 00:00:00","0000-00-00 00:00:00","0000-00-00 00:00:00");
INSERT INTO atm_card_detail VALUES("27","MD_1027","2050027","","","0000-00-00 00:00:00","0000-00-00 00:00:00","0000-00-00 00:00:00");
INSERT INTO atm_card_detail VALUES("28","MD_1028","2050028","","lost","0000-00-00 00:00:00","0000-00-00 00:00:00","0000-00-00 00:00:00");
INSERT INTO atm_card_detail VALUES("29","MD_1029","2050029","","","0000-00-00 00:00:00","0000-00-00 00:00:00","0000-00-00 00:00:00");
INSERT INTO atm_card_detail VALUES("30","MD_1030","2050030","","","0000-00-00 00:00:00","0000-00-00 00:00:00","0000-00-00 00:00:00");
INSERT INTO atm_card_detail VALUES("31","MD_1031","2050031","","lost","0000-00-00 00:00:00","0000-00-00 00:00:00","0000-00-00 00:00:00");
INSERT INTO atm_card_detail VALUES("32","MD_1032","2050032","","","0000-00-00 00:00:00","0000-00-00 00:00:00","0000-00-00 00:00:00");
INSERT INTO atm_card_detail VALUES("33","MD_1033","2050033","","","0000-00-00 00:00:00","0000-00-00 00:00:00","0000-00-00 00:00:00");
INSERT INTO atm_card_detail VALUES("34","MD_1034","2050034","","","0000-00-00 00:00:00","0000-00-00 00:00:00","0000-00-00 00:00:00");
INSERT INTO atm_card_detail VALUES("35","MD_1035","2050035","","lost","0000-00-00 00:00:00","0000-00-00 00:00:00","0000-00-00 00:00:00");
INSERT INTO atm_card_detail VALUES("36","MD_1036","2050036","","broken","0000-00-00 00:00:00","0000-00-00 00:00:00","0000-00-00 00:00:00");
INSERT INTO atm_card_detail VALUES("37","MD_1037","2050037","","lost","0000-00-00 00:00:00","0000-00-00 00:00:00","0000-00-00 00:00:00");
INSERT INTO atm_card_detail VALUES("38","MD_1038","2050038","","","0000-00-00 00:00:00","0000-00-00 00:00:00","0000-00-00 00:00:00");
INSERT INTO atm_card_detail VALUES("39","MD_1039","2050039","","","0000-00-00 00:00:00","0000-00-00 00:00:00","0000-00-00 00:00:00");
INSERT INTO atm_card_detail VALUES("40","MD_1040","2050040","","","0000-00-00 00:00:00","0000-00-00 00:00:00","0000-00-00 00:00:00");
INSERT INTO atm_card_detail VALUES("41","MD_1041","2050041","","","0000-00-00 00:00:00","0000-00-00 00:00:00","0000-00-00 00:00:00");
INSERT INTO atm_card_detail VALUES("42","MD_1042","2050042","","","0000-00-00 00:00:00","0000-00-00 00:00:00","0000-00-00 00:00:00");
INSERT INTO atm_card_detail VALUES("43","MD_1043","2050043","","","0000-00-00 00:00:00","0000-00-00 00:00:00","0000-00-00 00:00:00");
INSERT INTO atm_card_detail VALUES("44","MD_1044","2050044","","","0000-00-00 00:00:00","0000-00-00 00:00:00","0000-00-00 00:00:00");
INSERT INTO atm_card_detail VALUES("45","MD_1045","2050045","","","0000-00-00 00:00:00","0000-00-00 00:00:00","0000-00-00 00:00:00");
INSERT INTO atm_card_detail VALUES("46","MD_1046","2050046","","","0000-00-00 00:00:00","0000-00-00 00:00:00","0000-00-00 00:00:00");
INSERT INTO atm_card_detail VALUES("47","MD_1047","2050047","","","0000-00-00 00:00:00","0000-00-00 00:00:00","0000-00-00 00:00:00");
INSERT INTO atm_card_detail VALUES("48","MD_1048","2050048","","","0000-00-00 00:00:00","0000-00-00 00:00:00","0000-00-00 00:00:00");
INSERT INTO atm_card_detail VALUES("49","MD_1049","2050049","","","0000-00-00 00:00:00","0000-00-00 00:00:00","0000-00-00 00:00:00");
INSERT INTO atm_card_detail VALUES("50","MD_1050","2050050","","","0000-00-00 00:00:00","0000-00-00 00:00:00","0000-00-00 00:00:00");
INSERT INTO atm_card_detail VALUES("51","MD_1051","2050051","","","0000-00-00 00:00:00","0000-00-00 00:00:00","0000-00-00 00:00:00");
INSERT INTO atm_card_detail VALUES("52","MD_1052","2050052","","","0000-00-00 00:00:00","0000-00-00 00:00:00","0000-00-00 00:00:00");
INSERT INTO atm_card_detail VALUES("53","MD_1053","2050053","","","0000-00-00 00:00:00","0000-00-00 00:00:00","0000-00-00 00:00:00");
INSERT INTO atm_card_detail VALUES("54","MD_1054","2050054","","","0000-00-00 00:00:00","0000-00-00 00:00:00","0000-00-00 00:00:00");
INSERT INTO atm_card_detail VALUES("55","MD_1055","2050055","","","0000-00-00 00:00:00","0000-00-00 00:00:00","0000-00-00 00:00:00");
INSERT INTO atm_card_detail VALUES("56","MD_1056","2050056","","","0000-00-00 00:00:00","0000-00-00 00:00:00","0000-00-00 00:00:00");
INSERT INTO atm_card_detail VALUES("57","MD_1057","2050057","","","0000-00-00 00:00:00","0000-00-00 00:00:00","0000-00-00 00:00:00");
INSERT INTO atm_card_detail VALUES("58","MD_1058","2050058","","","0000-00-00 00:00:00","0000-00-00 00:00:00","0000-00-00 00:00:00");
INSERT INTO atm_card_detail VALUES("59","MD_1059","2050059","","","0000-00-00 00:00:00","0000-00-00 00:00:00","0000-00-00 00:00:00");
INSERT INTO atm_card_detail VALUES("60","MD_1060","2050060","","","0000-00-00 00:00:00","0000-00-00 00:00:00","0000-00-00 00:00:00");
INSERT INTO atm_card_detail VALUES("61","MD_1061","2050061","","","0000-00-00 00:00:00","0000-00-00 00:00:00","0000-00-00 00:00:00");
INSERT INTO atm_card_detail VALUES("62","MD_1062","2050062","","","0000-00-00 00:00:00","0000-00-00 00:00:00","0000-00-00 00:00:00");
INSERT INTO atm_card_detail VALUES("63","MD_1063","2050063","","","0000-00-00 00:00:00","0000-00-00 00:00:00","0000-00-00 00:00:00");
INSERT INTO atm_card_detail VALUES("64","MD_1064","2050064","","","0000-00-00 00:00:00","0000-00-00 00:00:00","0000-00-00 00:00:00");
INSERT INTO atm_card_detail VALUES("65","MD_1065","2050065","","","0000-00-00 00:00:00","0000-00-00 00:00:00","0000-00-00 00:00:00");
INSERT INTO atm_card_detail VALUES("66","MD_1066","2050066","","","0000-00-00 00:00:00","0000-00-00 00:00:00","0000-00-00 00:00:00");
INSERT INTO atm_card_detail VALUES("67","MD_1067","2050067","","","0000-00-00 00:00:00","0000-00-00 00:00:00","0000-00-00 00:00:00");
INSERT INTO atm_card_detail VALUES("68","MD_1068","2050068","","","0000-00-00 00:00:00","0000-00-00 00:00:00","0000-00-00 00:00:00");
INSERT INTO atm_card_detail VALUES("69","MD_1069","2050069","","","0000-00-00 00:00:00","0000-00-00 00:00:00","0000-00-00 00:00:00");
INSERT INTO atm_card_detail VALUES("70","MD_1070","2050070","","","0000-00-00 00:00:00","0000-00-00 00:00:00","0000-00-00 00:00:00");
INSERT INTO atm_card_detail VALUES("71","MD_1071","2050071","","","0000-00-00 00:00:00","0000-00-00 00:00:00","0000-00-00 00:00:00");
INSERT INTO atm_card_detail VALUES("72","MD_1072","2050072","","","0000-00-00 00:00:00","0000-00-00 00:00:00","0000-00-00 00:00:00");
INSERT INTO atm_card_detail VALUES("73","MD_1073","2050073","","","0000-00-00 00:00:00","0000-00-00 00:00:00","0000-00-00 00:00:00");
INSERT INTO atm_card_detail VALUES("74","MD_1074","2050074","","","0000-00-00 00:00:00","0000-00-00 00:00:00","0000-00-00 00:00:00");
INSERT INTO atm_card_detail VALUES("75","MD_1075","2050075","","","0000-00-00 00:00:00","0000-00-00 00:00:00","0000-00-00 00:00:00");
INSERT INTO atm_card_detail VALUES("76","MD_1076","2050076","","","0000-00-00 00:00:00","0000-00-00 00:00:00","0000-00-00 00:00:00");
INSERT INTO atm_card_detail VALUES("77","MD_1077","2050077","","","0000-00-00 00:00:00","0000-00-00 00:00:00","0000-00-00 00:00:00");
INSERT INTO atm_card_detail VALUES("78","MD_1078","2050078","","","0000-00-00 00:00:00","0000-00-00 00:00:00","0000-00-00 00:00:00");
INSERT INTO atm_card_detail VALUES("79","MD_1079","2050079","","","0000-00-00 00:00:00","0000-00-00 00:00:00","0000-00-00 00:00:00");
INSERT INTO atm_card_detail VALUES("80","MD_1080","2050080","","","0000-00-00 00:00:00","0000-00-00 00:00:00","0000-00-00 00:00:00");
INSERT INTO atm_card_detail VALUES("81","MD_1081","2050081","","","0000-00-00 00:00:00","0000-00-00 00:00:00","0000-00-00 00:00:00");
INSERT INTO atm_card_detail VALUES("82","MD_1082","2050082","","","0000-00-00 00:00:00","0000-00-00 00:00:00","0000-00-00 00:00:00");
INSERT INTO atm_card_detail VALUES("83","MD_1083","2050083","","","0000-00-00 00:00:00","0000-00-00 00:00:00","0000-00-00 00:00:00");
INSERT INTO atm_card_detail VALUES("84","MD_1084","2050084","","","0000-00-00 00:00:00","0000-00-00 00:00:00","0000-00-00 00:00:00");
INSERT INTO atm_card_detail VALUES("85","MD_1085","2050085","","","0000-00-00 00:00:00","0000-00-00 00:00:00","0000-00-00 00:00:00");
INSERT INTO atm_card_detail VALUES("86","MD_1086","2050086","","","0000-00-00 00:00:00","0000-00-00 00:00:00","0000-00-00 00:00:00");
INSERT INTO atm_card_detail VALUES("87","MD_1087","2050087","","","0000-00-00 00:00:00","0000-00-00 00:00:00","0000-00-00 00:00:00");
INSERT INTO atm_card_detail VALUES("88","MD_1088","2050088","","","0000-00-00 00:00:00","0000-00-00 00:00:00","0000-00-00 00:00:00");
INSERT INTO atm_card_detail VALUES("89","MD_1089","2050089","","","0000-00-00 00:00:00","0000-00-00 00:00:00","0000-00-00 00:00:00");
INSERT INTO atm_card_detail VALUES("90","MD_1090","2050090","","","0000-00-00 00:00:00","0000-00-00 00:00:00","0000-00-00 00:00:00");
INSERT INTO atm_card_detail VALUES("91","MD_1091","2050091","","","0000-00-00 00:00:00","0000-00-00 00:00:00","0000-00-00 00:00:00");
INSERT INTO atm_card_detail VALUES("92","MD_1092","2050092","","","0000-00-00 00:00:00","0000-00-00 00:00:00","0000-00-00 00:00:00");
INSERT INTO atm_card_detail VALUES("93","MD_1093","2050093","","","0000-00-00 00:00:00","0000-00-00 00:00:00","0000-00-00 00:00:00");
INSERT INTO atm_card_detail VALUES("94","MD_1094","2050094","","","0000-00-00 00:00:00","0000-00-00 00:00:00","0000-00-00 00:00:00");
INSERT INTO atm_card_detail VALUES("95","MD_1095","2050095","","","0000-00-00 00:00:00","0000-00-00 00:00:00","0000-00-00 00:00:00");
INSERT INTO atm_card_detail VALUES("96","MD_1096","2050096","","","0000-00-00 00:00:00","0000-00-00 00:00:00","0000-00-00 00:00:00");
INSERT INTO atm_card_detail VALUES("97","MD_1097","2050097","","","0000-00-00 00:00:00","0000-00-00 00:00:00","0000-00-00 00:00:00");
INSERT INTO atm_card_detail VALUES("98","MD_1098","2050098","","","0000-00-00 00:00:00","0000-00-00 00:00:00","0000-00-00 00:00:00");
INSERT INTO atm_card_detail VALUES("99","MD_1099","2050099","","","0000-00-00 00:00:00","0000-00-00 00:00:00","0000-00-00 00:00:00");
INSERT INTO atm_card_detail VALUES("100","MD_1100","2050100","","","0000-00-00 00:00:00","0000-00-00 00:00:00","0000-00-00 00:00:00");
INSERT INTO atm_card_detail VALUES("101","MD_1101","2050101","","","0000-00-00 00:00:00","0000-00-00 00:00:00","0000-00-00 00:00:00");
INSERT INTO atm_card_detail VALUES("102","MD_1102","2050102","","","0000-00-00 00:00:00","0000-00-00 00:00:00","0000-00-00 00:00:00");
INSERT INTO atm_card_detail VALUES("103","MD_1103","2050103","","","0000-00-00 00:00:00","0000-00-00 00:00:00","0000-00-00 00:00:00");
INSERT INTO atm_card_detail VALUES("104","MD_1104","2050104","","","0000-00-00 00:00:00","0000-00-00 00:00:00","0000-00-00 00:00:00");
INSERT INTO atm_card_detail VALUES("105","MD_1105","2050105","","","0000-00-00 00:00:00","0000-00-00 00:00:00","0000-00-00 00:00:00");
INSERT INTO atm_card_detail VALUES("106","MD_1106","2050106","","","0000-00-00 00:00:00","0000-00-00 00:00:00","0000-00-00 00:00:00");
INSERT INTO atm_card_detail VALUES("107","MD_1107","2050107","","","0000-00-00 00:00:00","0000-00-00 00:00:00","0000-00-00 00:00:00");
INSERT INTO atm_card_detail VALUES("108","MD_1108","2050108","","","0000-00-00 00:00:00","0000-00-00 00:00:00","0000-00-00 00:00:00");
INSERT INTO atm_card_detail VALUES("109","MD_1109","2050109","","","0000-00-00 00:00:00","0000-00-00 00:00:00","0000-00-00 00:00:00");
INSERT INTO atm_card_detail VALUES("110","MD_1110","2050110","","","0000-00-00 00:00:00","0000-00-00 00:00:00","0000-00-00 00:00:00");
INSERT INTO atm_card_detail VALUES("111","MD_1111","2050111","","","0000-00-00 00:00:00","0000-00-00 00:00:00","0000-00-00 00:00:00");
INSERT INTO atm_card_detail VALUES("112","MD_1112","2050112","","","0000-00-00 00:00:00","0000-00-00 00:00:00","0000-00-00 00:00:00");
INSERT INTO atm_card_detail VALUES("113","MD_1113","2050113","","","0000-00-00 00:00:00","0000-00-00 00:00:00","0000-00-00 00:00:00");
INSERT INTO atm_card_detail VALUES("114","MD_1114","2050114","","","0000-00-00 00:00:00","0000-00-00 00:00:00","0000-00-00 00:00:00");
INSERT INTO atm_card_detail VALUES("115","MD_1115","2050115","","","0000-00-00 00:00:00","0000-00-00 00:00:00","0000-00-00 00:00:00");
INSERT INTO atm_card_detail VALUES("116","MD_1116","2050116","","","0000-00-00 00:00:00","0000-00-00 00:00:00","0000-00-00 00:00:00");
INSERT INTO atm_card_detail VALUES("117","MD_1117","2050117","","","0000-00-00 00:00:00","0000-00-00 00:00:00","0000-00-00 00:00:00");
INSERT INTO atm_card_detail VALUES("118","MD_1118","2050118","","","0000-00-00 00:00:00","0000-00-00 00:00:00","0000-00-00 00:00:00");
INSERT INTO atm_card_detail VALUES("119","MD_1119","2050119","","","0000-00-00 00:00:00","0000-00-00 00:00:00","0000-00-00 00:00:00");
INSERT INTO atm_card_detail VALUES("120","MD_1120","2050120","","","0000-00-00 00:00:00","0000-00-00 00:00:00","0000-00-00 00:00:00");
INSERT INTO atm_card_detail VALUES("121","MD_1121","2050121","","","0000-00-00 00:00:00","0000-00-00 00:00:00","0000-00-00 00:00:00");
INSERT INTO atm_card_detail VALUES("122","MD_1122","2050122","","","0000-00-00 00:00:00","0000-00-00 00:00:00","0000-00-00 00:00:00");
INSERT INTO atm_card_detail VALUES("123","MD_1123","2050123","","","0000-00-00 00:00:00","0000-00-00 00:00:00","0000-00-00 00:00:00");
INSERT INTO atm_card_detail VALUES("124","MD_1124","2050124","","","0000-00-00 00:00:00","0000-00-00 00:00:00","0000-00-00 00:00:00");
INSERT INTO atm_card_detail VALUES("125","MD_1125","2050125","","","0000-00-00 00:00:00","0000-00-00 00:00:00","0000-00-00 00:00:00");
INSERT INTO atm_card_detail VALUES("126","MD_1126","2050126","","","0000-00-00 00:00:00","0000-00-00 00:00:00","0000-00-00 00:00:00");
INSERT INTO atm_card_detail VALUES("127","MD_1127","2050127","","","0000-00-00 00:00:00","0000-00-00 00:00:00","0000-00-00 00:00:00");
INSERT INTO atm_card_detail VALUES("128","MD_1128","2050128","","","0000-00-00 00:00:00","0000-00-00 00:00:00","0000-00-00 00:00:00");
INSERT INTO atm_card_detail VALUES("129","MD_1129","2050129","","","0000-00-00 00:00:00","0000-00-00 00:00:00","0000-00-00 00:00:00");
INSERT INTO atm_card_detail VALUES("130","MD_1130","2050130","","","0000-00-00 00:00:00","0000-00-00 00:00:00","0000-00-00 00:00:00");
INSERT INTO atm_card_detail VALUES("131","MD_1131","2050131","","","0000-00-00 00:00:00","0000-00-00 00:00:00","0000-00-00 00:00:00");
INSERT INTO atm_card_detail VALUES("132","MD_1132","2050132","","","0000-00-00 00:00:00","0000-00-00 00:00:00","0000-00-00 00:00:00");
INSERT INTO atm_card_detail VALUES("133","MD_1133","2050133","","","0000-00-00 00:00:00","0000-00-00 00:00:00","0000-00-00 00:00:00");
INSERT INTO atm_card_detail VALUES("134","MD_1134","2050134","","","0000-00-00 00:00:00","0000-00-00 00:00:00","0000-00-00 00:00:00");
INSERT INTO atm_card_detail VALUES("135","MD_1135","2050135","","","0000-00-00 00:00:00","0000-00-00 00:00:00","0000-00-00 00:00:00");
INSERT INTO atm_card_detail VALUES("136","MD_1136","2050136","","","0000-00-00 00:00:00","0000-00-00 00:00:00","0000-00-00 00:00:00");
INSERT INTO atm_card_detail VALUES("137","MD_1137","2050137","","","0000-00-00 00:00:00","0000-00-00 00:00:00","0000-00-00 00:00:00");
INSERT INTO atm_card_detail VALUES("138","MD_1138","2050138","","","0000-00-00 00:00:00","0000-00-00 00:00:00","0000-00-00 00:00:00");
INSERT INTO atm_card_detail VALUES("139","MD_1139","2050139","","","0000-00-00 00:00:00","0000-00-00 00:00:00","0000-00-00 00:00:00");
INSERT INTO atm_card_detail VALUES("140","MD_1140","2050140","","","0000-00-00 00:00:00","0000-00-00 00:00:00","0000-00-00 00:00:00");
INSERT INTO atm_card_detail VALUES("141","MD_1141","2050141","","","0000-00-00 00:00:00","0000-00-00 00:00:00","0000-00-00 00:00:00");
INSERT INTO atm_card_detail VALUES("142","MD_1142","2050142","","","0000-00-00 00:00:00","0000-00-00 00:00:00","0000-00-00 00:00:00");
INSERT INTO atm_card_detail VALUES("143","MD_1143","2050143","","","0000-00-00 00:00:00","0000-00-00 00:00:00","0000-00-00 00:00:00");
INSERT INTO atm_card_detail VALUES("144","MD_1144","2050144","","","0000-00-00 00:00:00","0000-00-00 00:00:00","0000-00-00 00:00:00");
INSERT INTO atm_card_detail VALUES("145","MD_1145","2050145","","","0000-00-00 00:00:00","0000-00-00 00:00:00","0000-00-00 00:00:00");
INSERT INTO atm_card_detail VALUES("146","MD_1146","2050146","","","0000-00-00 00:00:00","0000-00-00 00:00:00","0000-00-00 00:00:00");
INSERT INTO atm_card_detail VALUES("147","MD_1147","2050147","","","0000-00-00 00:00:00","0000-00-00 00:00:00","0000-00-00 00:00:00");
INSERT INTO atm_card_detail VALUES("148","MD_1148","2050148","","","0000-00-00 00:00:00","0000-00-00 00:00:00","0000-00-00 00:00:00");
INSERT INTO atm_card_detail VALUES("149","MD_1149","2050149","","","0000-00-00 00:00:00","0000-00-00 00:00:00","0000-00-00 00:00:00");
INSERT INTO atm_card_detail VALUES("150","MD_1150","2050150","","","0000-00-00 00:00:00","0000-00-00 00:00:00","0000-00-00 00:00:00");
INSERT INTO atm_card_detail VALUES("151","MD_1151","2050151","","","0000-00-00 00:00:00","0000-00-00 00:00:00","0000-00-00 00:00:00");
INSERT INTO atm_card_detail VALUES("152","MD_1152","2050152","","","0000-00-00 00:00:00","0000-00-00 00:00:00","0000-00-00 00:00:00");
INSERT INTO atm_card_detail VALUES("153","MD_1153","2050153","","","0000-00-00 00:00:00","0000-00-00 00:00:00","0000-00-00 00:00:00");
INSERT INTO atm_card_detail VALUES("154","MD_1154","2050154","","","0000-00-00 00:00:00","0000-00-00 00:00:00","0000-00-00 00:00:00");
INSERT INTO atm_card_detail VALUES("155","MD_1155","2050155","","","0000-00-00 00:00:00","0000-00-00 00:00:00","0000-00-00 00:00:00");
INSERT INTO atm_card_detail VALUES("156","MD_1156","2050156","","","0000-00-00 00:00:00","0000-00-00 00:00:00","0000-00-00 00:00:00");
INSERT INTO atm_card_detail VALUES("157","MD_1157","2050157","","","0000-00-00 00:00:00","0000-00-00 00:00:00","0000-00-00 00:00:00");
INSERT INTO atm_card_detail VALUES("158","MD_1158","2050158","","","0000-00-00 00:00:00","0000-00-00 00:00:00","0000-00-00 00:00:00");
INSERT INTO atm_card_detail VALUES("159","MD_1159","2050159","","","0000-00-00 00:00:00","0000-00-00 00:00:00","0000-00-00 00:00:00");
INSERT INTO atm_card_detail VALUES("160","MD_1160","2050160","","","0000-00-00 00:00:00","0000-00-00 00:00:00","0000-00-00 00:00:00");
INSERT INTO atm_card_detail VALUES("161","MD_1161","2050161","","","0000-00-00 00:00:00","0000-00-00 00:00:00","0000-00-00 00:00:00");
INSERT INTO atm_card_detail VALUES("162","MD_1162","2050162","","","0000-00-00 00:00:00","0000-00-00 00:00:00","0000-00-00 00:00:00");
INSERT INTO atm_card_detail VALUES("163","MD_1163","2050163","","","0000-00-00 00:00:00","0000-00-00 00:00:00","0000-00-00 00:00:00");
INSERT INTO atm_card_detail VALUES("164","MD_1164","2050164","","","0000-00-00 00:00:00","0000-00-00 00:00:00","0000-00-00 00:00:00");
INSERT INTO atm_card_detail VALUES("165","MD_1165","2050165","","","0000-00-00 00:00:00","0000-00-00 00:00:00","0000-00-00 00:00:00");
INSERT INTO atm_card_detail VALUES("166","MD_1166","2050166","","","0000-00-00 00:00:00","0000-00-00 00:00:00","0000-00-00 00:00:00");
INSERT INTO atm_card_detail VALUES("167","MD_1167","2050167","","","0000-00-00 00:00:00","0000-00-00 00:00:00","0000-00-00 00:00:00");
INSERT INTO atm_card_detail VALUES("168","MD_1168","2050168","","","0000-00-00 00:00:00","0000-00-00 00:00:00","0000-00-00 00:00:00");
INSERT INTO atm_card_detail VALUES("169","MD_1169","2050169","","","0000-00-00 00:00:00","0000-00-00 00:00:00","0000-00-00 00:00:00");
INSERT INTO atm_card_detail VALUES("170","MD_1170","2050170","","","0000-00-00 00:00:00","0000-00-00 00:00:00","0000-00-00 00:00:00");
INSERT INTO atm_card_detail VALUES("171","MD_1171","2050171","","","0000-00-00 00:00:00","0000-00-00 00:00:00","0000-00-00 00:00:00");
INSERT INTO atm_card_detail VALUES("172","MD_1172","2050172","","","0000-00-00 00:00:00","0000-00-00 00:00:00","0000-00-00 00:00:00");
INSERT INTO atm_card_detail VALUES("173","MD_1173","2050173","","","0000-00-00 00:00:00","0000-00-00 00:00:00","0000-00-00 00:00:00");
INSERT INTO atm_card_detail VALUES("174","MD_1174","2050174","","","0000-00-00 00:00:00","0000-00-00 00:00:00","0000-00-00 00:00:00");
INSERT INTO atm_card_detail VALUES("175","MD_1175","2050175","","","0000-00-00 00:00:00","0000-00-00 00:00:00","0000-00-00 00:00:00");
INSERT INTO atm_card_detail VALUES("176","MD_1176","2050176","","","0000-00-00 00:00:00","0000-00-00 00:00:00","0000-00-00 00:00:00");
INSERT INTO atm_card_detail VALUES("177","MD_1177","2050177","","","0000-00-00 00:00:00","0000-00-00 00:00:00","0000-00-00 00:00:00");
INSERT INTO atm_card_detail VALUES("178","MD_1178","2050178","","","0000-00-00 00:00:00","0000-00-00 00:00:00","0000-00-00 00:00:00");
INSERT INTO atm_card_detail VALUES("179","MD_1179","2050179","","","0000-00-00 00:00:00","0000-00-00 00:00:00","0000-00-00 00:00:00");
INSERT INTO atm_card_detail VALUES("180","MD_1180","2050180","","","0000-00-00 00:00:00","0000-00-00 00:00:00","0000-00-00 00:00:00");
INSERT INTO atm_card_detail VALUES("181","MD_1181","2050181","","","0000-00-00 00:00:00","0000-00-00 00:00:00","0000-00-00 00:00:00");
INSERT INTO atm_card_detail VALUES("182","MD_1182","2050182","","","0000-00-00 00:00:00","0000-00-00 00:00:00","0000-00-00 00:00:00");
INSERT INTO atm_card_detail VALUES("183","MD_1183","2050183","","","0000-00-00 00:00:00","0000-00-00 00:00:00","0000-00-00 00:00:00");
INSERT INTO atm_card_detail VALUES("184","MD_1184","2050184","","","0000-00-00 00:00:00","0000-00-00 00:00:00","0000-00-00 00:00:00");
INSERT INTO atm_card_detail VALUES("185","MD_1185","2050185","","","0000-00-00 00:00:00","0000-00-00 00:00:00","0000-00-00 00:00:00");
INSERT INTO atm_card_detail VALUES("186","MD_1186","2050186","","","0000-00-00 00:00:00","0000-00-00 00:00:00","0000-00-00 00:00:00");
INSERT INTO atm_card_detail VALUES("187","MD_1187","2050187","","","0000-00-00 00:00:00","0000-00-00 00:00:00","0000-00-00 00:00:00");
INSERT INTO atm_card_detail VALUES("188","MD_1188","2050188","","","0000-00-00 00:00:00","0000-00-00 00:00:00","0000-00-00 00:00:00");
INSERT INTO atm_card_detail VALUES("189","MD_1189","2050189","","","0000-00-00 00:00:00","0000-00-00 00:00:00","0000-00-00 00:00:00");
INSERT INTO atm_card_detail VALUES("190","MD_1190","2050190","","","0000-00-00 00:00:00","0000-00-00 00:00:00","0000-00-00 00:00:00");
INSERT INTO atm_card_detail VALUES("191","MD_1191","2050191","","","0000-00-00 00:00:00","0000-00-00 00:00:00","0000-00-00 00:00:00");
INSERT INTO atm_card_detail VALUES("192","MD_1192","2050192","","","0000-00-00 00:00:00","0000-00-00 00:00:00","0000-00-00 00:00:00");
INSERT INTO atm_card_detail VALUES("193","MD_1193","2050193","","","0000-00-00 00:00:00","0000-00-00 00:00:00","0000-00-00 00:00:00");
INSERT INTO atm_card_detail VALUES("194","MD_1194","2050194","","","0000-00-00 00:00:00","0000-00-00 00:00:00","0000-00-00 00:00:00");
INSERT INTO atm_card_detail VALUES("195","MD_1195","2050195","","","0000-00-00 00:00:00","0000-00-00 00:00:00","0000-00-00 00:00:00");
INSERT INTO atm_card_detail VALUES("196","MD_1196","2050196","","","0000-00-00 00:00:00","0000-00-00 00:00:00","0000-00-00 00:00:00");
INSERT INTO atm_card_detail VALUES("197","MD_1197","2050197","","","0000-00-00 00:00:00","0000-00-00 00:00:00","0000-00-00 00:00:00");
INSERT INTO atm_card_detail VALUES("198","MD_1198","2050198","","","0000-00-00 00:00:00","0000-00-00 00:00:00","0000-00-00 00:00:00");
INSERT INTO atm_card_detail VALUES("199","MD_1199","2050199","","","0000-00-00 00:00:00","0000-00-00 00:00:00","0000-00-00 00:00:00");
INSERT INTO atm_card_detail VALUES("200","MD_1200","2050200","","","0000-00-00 00:00:00","0000-00-00 00:00:00","0000-00-00 00:00:00");
INSERT INTO atm_card_detail VALUES("201","MD_1201","2050201","","","0000-00-00 00:00:00","0000-00-00 00:00:00","0000-00-00 00:00:00");
INSERT INTO atm_card_detail VALUES("202","MD_1202","2050202","","","0000-00-00 00:00:00","0000-00-00 00:00:00","0000-00-00 00:00:00");
INSERT INTO atm_card_detail VALUES("203","MD_1203","2050203","","","0000-00-00 00:00:00","0000-00-00 00:00:00","0000-00-00 00:00:00");
INSERT INTO atm_card_detail VALUES("204","MD_1204","2050204","","","0000-00-00 00:00:00","0000-00-00 00:00:00","0000-00-00 00:00:00");
INSERT INTO atm_card_detail VALUES("205","MD_1205","2050205","","","0000-00-00 00:00:00","0000-00-00 00:00:00","0000-00-00 00:00:00");
INSERT INTO atm_card_detail VALUES("206","MD_1206","2050206","","","0000-00-00 00:00:00","0000-00-00 00:00:00","0000-00-00 00:00:00");
INSERT INTO atm_card_detail VALUES("207","MD_1207","2050207","","","0000-00-00 00:00:00","0000-00-00 00:00:00","0000-00-00 00:00:00");
INSERT INTO atm_card_detail VALUES("208","MD_1208","2050208","","","0000-00-00 00:00:00","0000-00-00 00:00:00","0000-00-00 00:00:00");
INSERT INTO atm_card_detail VALUES("209","MD_1209","2050209","","","0000-00-00 00:00:00","0000-00-00 00:00:00","0000-00-00 00:00:00");
INSERT INTO atm_card_detail VALUES("210","MD_1210","2050210","","","0000-00-00 00:00:00","0000-00-00 00:00:00","0000-00-00 00:00:00");
INSERT INTO atm_card_detail VALUES("211","MD_1211","2050211","","","0000-00-00 00:00:00","0000-00-00 00:00:00","0000-00-00 00:00:00");
INSERT INTO atm_card_detail VALUES("212","MD_1212","2050212","","","0000-00-00 00:00:00","0000-00-00 00:00:00","0000-00-00 00:00:00");
INSERT INTO atm_card_detail VALUES("213","MD_1213","2050213","","","0000-00-00 00:00:00","0000-00-00 00:00:00","0000-00-00 00:00:00");
INSERT INTO atm_card_detail VALUES("214","MD_1214","2050214","","","0000-00-00 00:00:00","0000-00-00 00:00:00","0000-00-00 00:00:00");
INSERT INTO atm_card_detail VALUES("215","MD_1215","2050215","","","0000-00-00 00:00:00","0000-00-00 00:00:00","0000-00-00 00:00:00");
INSERT INTO atm_card_detail VALUES("216","MD_1216","2050216","","","0000-00-00 00:00:00","0000-00-00 00:00:00","0000-00-00 00:00:00");
INSERT INTO atm_card_detail VALUES("217","MD_1217","2050217","","","0000-00-00 00:00:00","0000-00-00 00:00:00","0000-00-00 00:00:00");
INSERT INTO atm_card_detail VALUES("218","MD_1218","2050218","","","0000-00-00 00:00:00","0000-00-00 00:00:00","0000-00-00 00:00:00");
INSERT INTO atm_card_detail VALUES("219","MD_1219","2050219","","","0000-00-00 00:00:00","0000-00-00 00:00:00","0000-00-00 00:00:00");
INSERT INTO atm_card_detail VALUES("220","MD_1220","2050220","","","0000-00-00 00:00:00","0000-00-00 00:00:00","0000-00-00 00:00:00");
INSERT INTO atm_card_detail VALUES("221","MD_1221","2050221","","","0000-00-00 00:00:00","0000-00-00 00:00:00","0000-00-00 00:00:00");
INSERT INTO atm_card_detail VALUES("222","MD_1222","2050222","","","0000-00-00 00:00:00","0000-00-00 00:00:00","0000-00-00 00:00:00");
INSERT INTO atm_card_detail VALUES("223","MD_1223","2050223","","","0000-00-00 00:00:00","0000-00-00 00:00:00","0000-00-00 00:00:00");
INSERT INTO atm_card_detail VALUES("224","MD_1224","2050224","","","0000-00-00 00:00:00","0000-00-00 00:00:00","0000-00-00 00:00:00");
INSERT INTO atm_card_detail VALUES("225","MD_1225","2050225","","","0000-00-00 00:00:00","0000-00-00 00:00:00","0000-00-00 00:00:00");
INSERT INTO atm_card_detail VALUES("226","MD_1226","2050226","","","0000-00-00 00:00:00","0000-00-00 00:00:00","0000-00-00 00:00:00");
INSERT INTO atm_card_detail VALUES("227","MD_1227","2050227","","","0000-00-00 00:00:00","0000-00-00 00:00:00","0000-00-00 00:00:00");
INSERT INTO atm_card_detail VALUES("228","MD_1228","2050228","","","0000-00-00 00:00:00","0000-00-00 00:00:00","0000-00-00 00:00:00");
INSERT INTO atm_card_detail VALUES("229","MD_1229","2050229","","","0000-00-00 00:00:00","0000-00-00 00:00:00","0000-00-00 00:00:00");
INSERT INTO atm_card_detail VALUES("230","MD_1230","2050230","","","0000-00-00 00:00:00","0000-00-00 00:00:00","0000-00-00 00:00:00");
INSERT INTO atm_card_detail VALUES("231","MD_1231","2050231","","","0000-00-00 00:00:00","0000-00-00 00:00:00","0000-00-00 00:00:00");
INSERT INTO atm_card_detail VALUES("232","MD_1232","2050232","","","0000-00-00 00:00:00","0000-00-00 00:00:00","0000-00-00 00:00:00");
INSERT INTO atm_card_detail VALUES("233","MD_1233","2050233","","","0000-00-00 00:00:00","0000-00-00 00:00:00","0000-00-00 00:00:00");
INSERT INTO atm_card_detail VALUES("234","MD_1234","2050234","","","0000-00-00 00:00:00","0000-00-00 00:00:00","0000-00-00 00:00:00");
INSERT INTO atm_card_detail VALUES("235","MD_1235","2050235","","","0000-00-00 00:00:00","0000-00-00 00:00:00","0000-00-00 00:00:00");
INSERT INTO atm_card_detail VALUES("236","MD_1236","2050236","","","0000-00-00 00:00:00","0000-00-00 00:00:00","0000-00-00 00:00:00");
INSERT INTO atm_card_detail VALUES("237","MD_1237","2050237","","","0000-00-00 00:00:00","0000-00-00 00:00:00","0000-00-00 00:00:00");
INSERT INTO atm_card_detail VALUES("238","MD_1238","2050238","","","0000-00-00 00:00:00","0000-00-00 00:00:00","0000-00-00 00:00:00");
INSERT INTO atm_card_detail VALUES("239","MD_1239","2050239","","","0000-00-00 00:00:00","0000-00-00 00:00:00","0000-00-00 00:00:00");
INSERT INTO atm_card_detail VALUES("240","MD_1240","2050240","","","0000-00-00 00:00:00","0000-00-00 00:00:00","0000-00-00 00:00:00");
INSERT INTO atm_card_detail VALUES("241","MD_1241","2050241","","","0000-00-00 00:00:00","0000-00-00 00:00:00","0000-00-00 00:00:00");
INSERT INTO atm_card_detail VALUES("242","MD_1242","2050242","","","0000-00-00 00:00:00","0000-00-00 00:00:00","0000-00-00 00:00:00");
INSERT INTO atm_card_detail VALUES("243","MD_1243","2050243","","","0000-00-00 00:00:00","0000-00-00 00:00:00","0000-00-00 00:00:00");
INSERT INTO atm_card_detail VALUES("244","MD_1244","2050244","","","0000-00-00 00:00:00","0000-00-00 00:00:00","0000-00-00 00:00:00");
INSERT INTO atm_card_detail VALUES("245","MD_1245","2050245","","","0000-00-00 00:00:00","0000-00-00 00:00:00","0000-00-00 00:00:00");
INSERT INTO atm_card_detail VALUES("246","MD_1246","2050246","","","0000-00-00 00:00:00","0000-00-00 00:00:00","0000-00-00 00:00:00");
INSERT INTO atm_card_detail VALUES("247","MD_1247","2050247","","","0000-00-00 00:00:00","0000-00-00 00:00:00","0000-00-00 00:00:00");
INSERT INTO atm_card_detail VALUES("248","MD_1248","2050248","","","0000-00-00 00:00:00","0000-00-00 00:00:00","0000-00-00 00:00:00");
INSERT INTO atm_card_detail VALUES("249","MD_1249","2050249","","","0000-00-00 00:00:00","0000-00-00 00:00:00","0000-00-00 00:00:00");
INSERT INTO atm_card_detail VALUES("250","MD_1250","2050250","","","0000-00-00 00:00:00","0000-00-00 00:00:00","0000-00-00 00:00:00");
INSERT INTO atm_card_detail VALUES("251","MD_1251","2050251","","","0000-00-00 00:00:00","0000-00-00 00:00:00","0000-00-00 00:00:00");
INSERT INTO atm_card_detail VALUES("252","MD_1252","2050252","","","0000-00-00 00:00:00","0000-00-00 00:00:00","0000-00-00 00:00:00");
INSERT INTO atm_card_detail VALUES("253","MD_1253","2050253","","","0000-00-00 00:00:00","0000-00-00 00:00:00","0000-00-00 00:00:00");
INSERT INTO atm_card_detail VALUES("254","MD_1254","2050254","","","0000-00-00 00:00:00","0000-00-00 00:00:00","0000-00-00 00:00:00");
INSERT INTO atm_card_detail VALUES("255","MD_1255","2050255","","","0000-00-00 00:00:00","0000-00-00 00:00:00","0000-00-00 00:00:00");
INSERT INTO atm_card_detail VALUES("256","MD_1256","2050256","","","0000-00-00 00:00:00","0000-00-00 00:00:00","0000-00-00 00:00:00");
INSERT INTO atm_card_detail VALUES("257","MD_1257","2050257","","","0000-00-00 00:00:00","0000-00-00 00:00:00","0000-00-00 00:00:00");
INSERT INTO atm_card_detail VALUES("258","MD_1258","2050258","","","0000-00-00 00:00:00","0000-00-00 00:00:00","0000-00-00 00:00:00");
INSERT INTO atm_card_detail VALUES("259","MD_1259","2050259","","","0000-00-00 00:00:00","0000-00-00 00:00:00","0000-00-00 00:00:00");
INSERT INTO atm_card_detail VALUES("260","MD_1260","2050260","","","0000-00-00 00:00:00","0000-00-00 00:00:00","0000-00-00 00:00:00");
INSERT INTO atm_card_detail VALUES("261","MD_1261","2050261","","","0000-00-00 00:00:00","0000-00-00 00:00:00","0000-00-00 00:00:00");
INSERT INTO atm_card_detail VALUES("262","MD_1262","2050262","","","0000-00-00 00:00:00","0000-00-00 00:00:00","0000-00-00 00:00:00");
INSERT INTO atm_card_detail VALUES("263","MD_1263","2050263","","","0000-00-00 00:00:00","0000-00-00 00:00:00","0000-00-00 00:00:00");
INSERT INTO atm_card_detail VALUES("264","MD_1264","2050264","","","0000-00-00 00:00:00","0000-00-00 00:00:00","0000-00-00 00:00:00");
INSERT INTO atm_card_detail VALUES("265","MD_1265","2050265","","","0000-00-00 00:00:00","0000-00-00 00:00:00","0000-00-00 00:00:00");
INSERT INTO atm_card_detail VALUES("266","MD_1266","2050266","","","0000-00-00 00:00:00","0000-00-00 00:00:00","0000-00-00 00:00:00");
INSERT INTO atm_card_detail VALUES("267","MD_1267","2050267","","","0000-00-00 00:00:00","0000-00-00 00:00:00","0000-00-00 00:00:00");
INSERT INTO atm_card_detail VALUES("268","MD_1268","2050268","","","0000-00-00 00:00:00","0000-00-00 00:00:00","0000-00-00 00:00:00");
INSERT INTO atm_card_detail VALUES("269","MD_1269","2050269","","","0000-00-00 00:00:00","0000-00-00 00:00:00","0000-00-00 00:00:00");
INSERT INTO atm_card_detail VALUES("270","MD_1270","2050270","","","0000-00-00 00:00:00","0000-00-00 00:00:00","0000-00-00 00:00:00");
INSERT INTO atm_card_detail VALUES("271","MD_1271","2050271","","","0000-00-00 00:00:00","0000-00-00 00:00:00","0000-00-00 00:00:00");
INSERT INTO atm_card_detail VALUES("272","MD_1272","2050272","","","0000-00-00 00:00:00","0000-00-00 00:00:00","0000-00-00 00:00:00");
INSERT INTO atm_card_detail VALUES("273","MD_1273","2050273","","","0000-00-00 00:00:00","0000-00-00 00:00:00","0000-00-00 00:00:00");
INSERT INTO atm_card_detail VALUES("274","MD_1274","2050274","","","0000-00-00 00:00:00","0000-00-00 00:00:00","0000-00-00 00:00:00");
INSERT INTO atm_card_detail VALUES("275","MD_1275","2050275","","","0000-00-00 00:00:00","0000-00-00 00:00:00","0000-00-00 00:00:00");
INSERT INTO atm_card_detail VALUES("276","MD_1276","2050276","","","0000-00-00 00:00:00","0000-00-00 00:00:00","0000-00-00 00:00:00");
INSERT INTO atm_card_detail VALUES("277","MD_1277","2050277","","","0000-00-00 00:00:00","0000-00-00 00:00:00","0000-00-00 00:00:00");
INSERT INTO atm_card_detail VALUES("278","MD_1278","2050278","","","0000-00-00 00:00:00","0000-00-00 00:00:00","0000-00-00 00:00:00");
INSERT INTO atm_card_detail VALUES("279","MD_1279","2050279","","","0000-00-00 00:00:00","0000-00-00 00:00:00","0000-00-00 00:00:00");
INSERT INTO atm_card_detail VALUES("280","MD_1280","2050280","","","0000-00-00 00:00:00","0000-00-00 00:00:00","0000-00-00 00:00:00");
INSERT INTO atm_card_detail VALUES("281","MD_1281","2050281","","","0000-00-00 00:00:00","0000-00-00 00:00:00","0000-00-00 00:00:00");
INSERT INTO atm_card_detail VALUES("282","MD_1282","2050282","","","0000-00-00 00:00:00","0000-00-00 00:00:00","0000-00-00 00:00:00");
INSERT INTO atm_card_detail VALUES("283","MD_1283","2050283","","","0000-00-00 00:00:00","0000-00-00 00:00:00","0000-00-00 00:00:00");
INSERT INTO atm_card_detail VALUES("284","MD_1284","2050284","","","0000-00-00 00:00:00","0000-00-00 00:00:00","0000-00-00 00:00:00");
INSERT INTO atm_card_detail VALUES("285","MD_1285","2050285","","","0000-00-00 00:00:00","0000-00-00 00:00:00","0000-00-00 00:00:00");
INSERT INTO atm_card_detail VALUES("286","MD_1286","2050286","","","0000-00-00 00:00:00","0000-00-00 00:00:00","0000-00-00 00:00:00");
INSERT INTO atm_card_detail VALUES("287","MD_1287","2050287","","","0000-00-00 00:00:00","0000-00-00 00:00:00","0000-00-00 00:00:00");
INSERT INTO atm_card_detail VALUES("288","MD_1288","2050288","","","0000-00-00 00:00:00","0000-00-00 00:00:00","0000-00-00 00:00:00");
INSERT INTO atm_card_detail VALUES("289","MD_1289","2050289","","","0000-00-00 00:00:00","0000-00-00 00:00:00","0000-00-00 00:00:00");
INSERT INTO atm_card_detail VALUES("290","MD_1290","2050290","","","0000-00-00 00:00:00","0000-00-00 00:00:00","0000-00-00 00:00:00");
INSERT INTO atm_card_detail VALUES("291","MD_1291","2050291","","","0000-00-00 00:00:00","0000-00-00 00:00:00","0000-00-00 00:00:00");
INSERT INTO atm_card_detail VALUES("292","MD_1292","2050292","","","0000-00-00 00:00:00","0000-00-00 00:00:00","0000-00-00 00:00:00");
INSERT INTO atm_card_detail VALUES("293","MD_1293","2050293","","","0000-00-00 00:00:00","0000-00-00 00:00:00","0000-00-00 00:00:00");
INSERT INTO atm_card_detail VALUES("294","MD_1294","2050294","","","0000-00-00 00:00:00","0000-00-00 00:00:00","0000-00-00 00:00:00");
INSERT INTO atm_card_detail VALUES("295","MD_1295","2050295","","","0000-00-00 00:00:00","0000-00-00 00:00:00","0000-00-00 00:00:00");
INSERT INTO atm_card_detail VALUES("296","MD_1296","2050296","","","0000-00-00 00:00:00","0000-00-00 00:00:00","0000-00-00 00:00:00");
INSERT INTO atm_card_detail VALUES("297","MD_1297","2050297","","","0000-00-00 00:00:00","0000-00-00 00:00:00","0000-00-00 00:00:00");
INSERT INTO atm_card_detail VALUES("298","MD_1298","2050298","","","0000-00-00 00:00:00","0000-00-00 00:00:00","0000-00-00 00:00:00");
INSERT INTO atm_card_detail VALUES("299","MD_1299","2050299","","","0000-00-00 00:00:00","0000-00-00 00:00:00","0000-00-00 00:00:00");
INSERT INTO atm_card_detail VALUES("300","MD_1300","2050300","","","0000-00-00 00:00:00","0000-00-00 00:00:00","0000-00-00 00:00:00");
INSERT INTO atm_card_detail VALUES("301","MD_1301","2050301","","","0000-00-00 00:00:00","0000-00-00 00:00:00","0000-00-00 00:00:00");
INSERT INTO atm_card_detail VALUES("302","MD_1302","2050302","","","0000-00-00 00:00:00","0000-00-00 00:00:00","0000-00-00 00:00:00");
INSERT INTO atm_card_detail VALUES("303","MD_1303","2050303","","","0000-00-00 00:00:00","0000-00-00 00:00:00","0000-00-00 00:00:00");
INSERT INTO atm_card_detail VALUES("304","MD_1304","2050304","","","0000-00-00 00:00:00","0000-00-00 00:00:00","0000-00-00 00:00:00");
INSERT INTO atm_card_detail VALUES("305","MD_1305","2050305","","","0000-00-00 00:00:00","0000-00-00 00:00:00","0000-00-00 00:00:00");
INSERT INTO atm_card_detail VALUES("306","MD_1306","2050306","","","0000-00-00 00:00:00","0000-00-00 00:00:00","0000-00-00 00:00:00");
INSERT INTO atm_card_detail VALUES("307","MD_1307","2050307","","","0000-00-00 00:00:00","0000-00-00 00:00:00","0000-00-00 00:00:00");
INSERT INTO atm_card_detail VALUES("308","MD_1308","2050308","","","0000-00-00 00:00:00","0000-00-00 00:00:00","0000-00-00 00:00:00");
INSERT INTO atm_card_detail VALUES("309","MD_1309","2050309","","","0000-00-00 00:00:00","0000-00-00 00:00:00","0000-00-00 00:00:00");
INSERT INTO atm_card_detail VALUES("310","MD_1310","2050310","","","0000-00-00 00:00:00","0000-00-00 00:00:00","0000-00-00 00:00:00");
INSERT INTO atm_card_detail VALUES("311","MD_1311","2050311","","","0000-00-00 00:00:00","0000-00-00 00:00:00","0000-00-00 00:00:00");
INSERT INTO atm_card_detail VALUES("312","MD_1312","2050312","","","0000-00-00 00:00:00","0000-00-00 00:00:00","0000-00-00 00:00:00");
INSERT INTO atm_card_detail VALUES("313","MD_1313","2050313","","","0000-00-00 00:00:00","0000-00-00 00:00:00","0000-00-00 00:00:00");
INSERT INTO atm_card_detail VALUES("314","MD_1314","2050314","","","0000-00-00 00:00:00","0000-00-00 00:00:00","0000-00-00 00:00:00");
INSERT INTO atm_card_detail VALUES("315","MD_1315","2050315","","","0000-00-00 00:00:00","0000-00-00 00:00:00","0000-00-00 00:00:00");
INSERT INTO atm_card_detail VALUES("316","MD_1316","2050316","","","0000-00-00 00:00:00","0000-00-00 00:00:00","0000-00-00 00:00:00");
INSERT INTO atm_card_detail VALUES("317","MD_1317","2050317","","","0000-00-00 00:00:00","0000-00-00 00:00:00","0000-00-00 00:00:00");
INSERT INTO atm_card_detail VALUES("318","MD_1318","2050318","","","0000-00-00 00:00:00","0000-00-00 00:00:00","0000-00-00 00:00:00");
INSERT INTO atm_card_detail VALUES("319","MD_1319","2050319","","","0000-00-00 00:00:00","0000-00-00 00:00:00","0000-00-00 00:00:00");
INSERT INTO atm_card_detail VALUES("320","MD_1320","2050320","","","0000-00-00 00:00:00","0000-00-00 00:00:00","0000-00-00 00:00:00");
INSERT INTO atm_card_detail VALUES("321","MD_1321","2050321","","","0000-00-00 00:00:00","0000-00-00 00:00:00","0000-00-00 00:00:00");
INSERT INTO atm_card_detail VALUES("322","MD_1322","2050322","","","0000-00-00 00:00:00","0000-00-00 00:00:00","0000-00-00 00:00:00");
INSERT INTO atm_card_detail VALUES("323","MD_1323","2050323","","","0000-00-00 00:00:00","0000-00-00 00:00:00","0000-00-00 00:00:00");
INSERT INTO atm_card_detail VALUES("324","MD_1324","2050324","","","0000-00-00 00:00:00","0000-00-00 00:00:00","0000-00-00 00:00:00");
INSERT INTO atm_card_detail VALUES("325","MD_1325","2050325","","","0000-00-00 00:00:00","0000-00-00 00:00:00","0000-00-00 00:00:00");
INSERT INTO atm_card_detail VALUES("326","MD_1326","2050326","","","0000-00-00 00:00:00","0000-00-00 00:00:00","0000-00-00 00:00:00");
INSERT INTO atm_card_detail VALUES("327","MD_1327","2050327","","","0000-00-00 00:00:00","0000-00-00 00:00:00","0000-00-00 00:00:00");
INSERT INTO atm_card_detail VALUES("328","MD_1328","2050328","","","0000-00-00 00:00:00","0000-00-00 00:00:00","0000-00-00 00:00:00");
INSERT INTO atm_card_detail VALUES("329","MD_1329","2050329","","","0000-00-00 00:00:00","0000-00-00 00:00:00","0000-00-00 00:00:00");
INSERT INTO atm_card_detail VALUES("330","MD_1330","2050330","","","0000-00-00 00:00:00","0000-00-00 00:00:00","0000-00-00 00:00:00");
INSERT INTO atm_card_detail VALUES("331","MD_1331","2050331","","","0000-00-00 00:00:00","0000-00-00 00:00:00","0000-00-00 00:00:00");
INSERT INTO atm_card_detail VALUES("332","MD_1332","2050332","","","0000-00-00 00:00:00","0000-00-00 00:00:00","0000-00-00 00:00:00");
INSERT INTO atm_card_detail VALUES("333","MD_1333","2050333","","","0000-00-00 00:00:00","0000-00-00 00:00:00","0000-00-00 00:00:00");
INSERT INTO atm_card_detail VALUES("334","MD_1334","2050334","","","0000-00-00 00:00:00","0000-00-00 00:00:00","0000-00-00 00:00:00");
INSERT INTO atm_card_detail VALUES("335","MD_1335","2050335","","","0000-00-00 00:00:00","0000-00-00 00:00:00","0000-00-00 00:00:00");
INSERT INTO atm_card_detail VALUES("336","MD_1336","2050336","","","0000-00-00 00:00:00","0000-00-00 00:00:00","0000-00-00 00:00:00");
INSERT INTO atm_card_detail VALUES("337","MD_1337","2050337","","","0000-00-00 00:00:00","0000-00-00 00:00:00","0000-00-00 00:00:00");
INSERT INTO atm_card_detail VALUES("338","MD_1338","2050338","","","0000-00-00 00:00:00","0000-00-00 00:00:00","0000-00-00 00:00:00");
INSERT INTO atm_card_detail VALUES("339","MD_1339","2050339","","","0000-00-00 00:00:00","0000-00-00 00:00:00","0000-00-00 00:00:00");
INSERT INTO atm_card_detail VALUES("340","MD_1340","2050340","","","0000-00-00 00:00:00","0000-00-00 00:00:00","0000-00-00 00:00:00");
INSERT INTO atm_card_detail VALUES("341","MD_1341","2050341","","","0000-00-00 00:00:00","0000-00-00 00:00:00","0000-00-00 00:00:00");
INSERT INTO atm_card_detail VALUES("342","MD_1342","2050342","","","0000-00-00 00:00:00","0000-00-00 00:00:00","0000-00-00 00:00:00");
INSERT INTO atm_card_detail VALUES("343","MD_1343","2050343","","","0000-00-00 00:00:00","0000-00-00 00:00:00","0000-00-00 00:00:00");
INSERT INTO atm_card_detail VALUES("344","MD_1344","2050344","","","0000-00-00 00:00:00","0000-00-00 00:00:00","0000-00-00 00:00:00");
INSERT INTO atm_card_detail VALUES("345","MD_1345","2050345","","","0000-00-00 00:00:00","0000-00-00 00:00:00","0000-00-00 00:00:00");
INSERT INTO atm_card_detail VALUES("346","MD_1346","2050346","","","0000-00-00 00:00:00","0000-00-00 00:00:00","0000-00-00 00:00:00");
INSERT INTO atm_card_detail VALUES("347","MD_1347","2050347","","","0000-00-00 00:00:00","0000-00-00 00:00:00","0000-00-00 00:00:00");
INSERT INTO atm_card_detail VALUES("348","MD_1348","2050348","","","0000-00-00 00:00:00","0000-00-00 00:00:00","0000-00-00 00:00:00");
INSERT INTO atm_card_detail VALUES("349","MD_1349","2050349","","","0000-00-00 00:00:00","0000-00-00 00:00:00","0000-00-00 00:00:00");
INSERT INTO atm_card_detail VALUES("350","MD_1350","2050350","","","0000-00-00 00:00:00","0000-00-00 00:00:00","0000-00-00 00:00:00");
INSERT INTO atm_card_detail VALUES("351","MD_1351","2050351","","","0000-00-00 00:00:00","0000-00-00 00:00:00","0000-00-00 00:00:00");
INSERT INTO atm_card_detail VALUES("352","MD_1352","2050352","","","0000-00-00 00:00:00","0000-00-00 00:00:00","0000-00-00 00:00:00");
INSERT INTO atm_card_detail VALUES("353","MD_1353","2050353","","","0000-00-00 00:00:00","0000-00-00 00:00:00","0000-00-00 00:00:00");
INSERT INTO atm_card_detail VALUES("354","MD_1354","2050354","","","0000-00-00 00:00:00","0000-00-00 00:00:00","0000-00-00 00:00:00");
INSERT INTO atm_card_detail VALUES("355","MD_1355","2050355","","","0000-00-00 00:00:00","0000-00-00 00:00:00","0000-00-00 00:00:00");
INSERT INTO atm_card_detail VALUES("356","MD_1356","2050356","","","0000-00-00 00:00:00","0000-00-00 00:00:00","0000-00-00 00:00:00");
INSERT INTO atm_card_detail VALUES("357","MD_1357","2050357","","","0000-00-00 00:00:00","0000-00-00 00:00:00","0000-00-00 00:00:00");
INSERT INTO atm_card_detail VALUES("358","MD_1358","2050358","","","0000-00-00 00:00:00","0000-00-00 00:00:00","0000-00-00 00:00:00");
INSERT INTO atm_card_detail VALUES("359","MD_1359","2050359","","","0000-00-00 00:00:00","0000-00-00 00:00:00","0000-00-00 00:00:00");
INSERT INTO atm_card_detail VALUES("360","MD_1360","2050360","","","0000-00-00 00:00:00","0000-00-00 00:00:00","0000-00-00 00:00:00");
INSERT INTO atm_card_detail VALUES("361","MD_1361","2050361","","","0000-00-00 00:00:00","0000-00-00 00:00:00","0000-00-00 00:00:00");
INSERT INTO atm_card_detail VALUES("362","MD_1362","2050362","","","0000-00-00 00:00:00","0000-00-00 00:00:00","0000-00-00 00:00:00");
INSERT INTO atm_card_detail VALUES("363","MD_1363","2050363","","","0000-00-00 00:00:00","0000-00-00 00:00:00","0000-00-00 00:00:00");
INSERT INTO atm_card_detail VALUES("364","MD_1364","2050364","","","0000-00-00 00:00:00","0000-00-00 00:00:00","0000-00-00 00:00:00");
INSERT INTO atm_card_detail VALUES("365","MD_1365","2050365","","","0000-00-00 00:00:00","0000-00-00 00:00:00","0000-00-00 00:00:00");
INSERT INTO atm_card_detail VALUES("366","MD_1366","2050366","","","0000-00-00 00:00:00","0000-00-00 00:00:00","0000-00-00 00:00:00");
INSERT INTO atm_card_detail VALUES("367","MD_1367","2050367","","","0000-00-00 00:00:00","0000-00-00 00:00:00","0000-00-00 00:00:00");
INSERT INTO atm_card_detail VALUES("368","MD_1368","2050368","","","0000-00-00 00:00:00","0000-00-00 00:00:00","0000-00-00 00:00:00");
INSERT INTO atm_card_detail VALUES("369","MD_1369","2050369","","","0000-00-00 00:00:00","0000-00-00 00:00:00","0000-00-00 00:00:00");
INSERT INTO atm_card_detail VALUES("370","MD_1370","2050370","","","0000-00-00 00:00:00","0000-00-00 00:00:00","0000-00-00 00:00:00");
INSERT INTO atm_card_detail VALUES("371","MD_1371","2050371","","","0000-00-00 00:00:00","0000-00-00 00:00:00","0000-00-00 00:00:00");
INSERT INTO atm_card_detail VALUES("372","MD_1372","2050372","","","0000-00-00 00:00:00","0000-00-00 00:00:00","0000-00-00 00:00:00");
INSERT INTO atm_card_detail VALUES("373","MD_1373","2050373","","","0000-00-00 00:00:00","0000-00-00 00:00:00","0000-00-00 00:00:00");
INSERT INTO atm_card_detail VALUES("374","MD_1374","2050374","","","0000-00-00 00:00:00","0000-00-00 00:00:00","0000-00-00 00:00:00");
INSERT INTO atm_card_detail VALUES("375","MD_1375","2050375","","","0000-00-00 00:00:00","0000-00-00 00:00:00","0000-00-00 00:00:00");
INSERT INTO atm_card_detail VALUES("376","MD_1376","2050376","","","0000-00-00 00:00:00","0000-00-00 00:00:00","0000-00-00 00:00:00");
INSERT INTO atm_card_detail VALUES("377","MD_1377","2050377","","","0000-00-00 00:00:00","0000-00-00 00:00:00","0000-00-00 00:00:00");
INSERT INTO atm_card_detail VALUES("378","MD_1378","2050378","","","0000-00-00 00:00:00","0000-00-00 00:00:00","0000-00-00 00:00:00");
INSERT INTO atm_card_detail VALUES("379","MD_1379","2050379","","","0000-00-00 00:00:00","0000-00-00 00:00:00","0000-00-00 00:00:00");
INSERT INTO atm_card_detail VALUES("380","MD_1380","2050380","","","0000-00-00 00:00:00","0000-00-00 00:00:00","0000-00-00 00:00:00");
INSERT INTO atm_card_detail VALUES("381","MD_1381","2050381","","","0000-00-00 00:00:00","0000-00-00 00:00:00","0000-00-00 00:00:00");
INSERT INTO atm_card_detail VALUES("382","MD_1382","2050382","","","0000-00-00 00:00:00","0000-00-00 00:00:00","0000-00-00 00:00:00");
INSERT INTO atm_card_detail VALUES("383","MD_1383","2050383","","","0000-00-00 00:00:00","0000-00-00 00:00:00","0000-00-00 00:00:00");
INSERT INTO atm_card_detail VALUES("384","MD_1384","2050384","","","0000-00-00 00:00:00","0000-00-00 00:00:00","0000-00-00 00:00:00");
INSERT INTO atm_card_detail VALUES("385","MD_1385","2050385","","","0000-00-00 00:00:00","0000-00-00 00:00:00","0000-00-00 00:00:00");
INSERT INTO atm_card_detail VALUES("386","MD_1386","2050386","","","0000-00-00 00:00:00","0000-00-00 00:00:00","0000-00-00 00:00:00");
INSERT INTO atm_card_detail VALUES("387","MD_1387","2050387","","","0000-00-00 00:00:00","0000-00-00 00:00:00","0000-00-00 00:00:00");
INSERT INTO atm_card_detail VALUES("388","MD_1388","2050388","","","0000-00-00 00:00:00","0000-00-00 00:00:00","0000-00-00 00:00:00");
INSERT INTO atm_card_detail VALUES("389","MD_1389","2050389","","","0000-00-00 00:00:00","0000-00-00 00:00:00","0000-00-00 00:00:00");
INSERT INTO atm_card_detail VALUES("390","MD_1390","2050390","","","0000-00-00 00:00:00","0000-00-00 00:00:00","0000-00-00 00:00:00");
INSERT INTO atm_card_detail VALUES("391","MD_1391","2050391","","","0000-00-00 00:00:00","0000-00-00 00:00:00","0000-00-00 00:00:00");
INSERT INTO atm_card_detail VALUES("392","MD_1392","2050392","","","0000-00-00 00:00:00","0000-00-00 00:00:00","0000-00-00 00:00:00");
INSERT INTO atm_card_detail VALUES("393","MD_1393","2050393","","","0000-00-00 00:00:00","0000-00-00 00:00:00","0000-00-00 00:00:00");
INSERT INTO atm_card_detail VALUES("394","MD_1394","2050394","","","0000-00-00 00:00:00","0000-00-00 00:00:00","0000-00-00 00:00:00");
INSERT INTO atm_card_detail VALUES("395","MD_1395","2050395","","","0000-00-00 00:00:00","0000-00-00 00:00:00","0000-00-00 00:00:00");
INSERT INTO atm_card_detail VALUES("396","MD_1396","2050396","","","0000-00-00 00:00:00","0000-00-00 00:00:00","0000-00-00 00:00:00");
INSERT INTO atm_card_detail VALUES("397","MD_1397","2050397","","","0000-00-00 00:00:00","0000-00-00 00:00:00","0000-00-00 00:00:00");
INSERT INTO atm_card_detail VALUES("398","MD_1398","2050398","","","0000-00-00 00:00:00","0000-00-00 00:00:00","0000-00-00 00:00:00");
INSERT INTO atm_card_detail VALUES("399","MD_1399","2050399","","","0000-00-00 00:00:00","0000-00-00 00:00:00","0000-00-00 00:00:00");
INSERT INTO atm_card_detail VALUES("400","MD_1400","2050400","","","0000-00-00 00:00:00","0000-00-00 00:00:00","0000-00-00 00:00:00");
INSERT INTO atm_card_detail VALUES("401","MD_1401","2050401","","","0000-00-00 00:00:00","0000-00-00 00:00:00","0000-00-00 00:00:00");
INSERT INTO atm_card_detail VALUES("402","MD_1402","2050402","","","0000-00-00 00:00:00","0000-00-00 00:00:00","0000-00-00 00:00:00");
INSERT INTO atm_card_detail VALUES("403","MD_1403","2050403","","","0000-00-00 00:00:00","0000-00-00 00:00:00","0000-00-00 00:00:00");
INSERT INTO atm_card_detail VALUES("404","MD_1404","2050404","","","0000-00-00 00:00:00","0000-00-00 00:00:00","0000-00-00 00:00:00");
INSERT INTO atm_card_detail VALUES("405","MD_1405","2050405","","","0000-00-00 00:00:00","0000-00-00 00:00:00","0000-00-00 00:00:00");
INSERT INTO atm_card_detail VALUES("406","MD_1406","2050406","","","0000-00-00 00:00:00","0000-00-00 00:00:00","0000-00-00 00:00:00");
INSERT INTO atm_card_detail VALUES("407","MD_1407","2050407","","","0000-00-00 00:00:00","0000-00-00 00:00:00","0000-00-00 00:00:00");
INSERT INTO atm_card_detail VALUES("408","MD_1408","2050408","","","0000-00-00 00:00:00","0000-00-00 00:00:00","0000-00-00 00:00:00");
INSERT INTO atm_card_detail VALUES("409","MD_1409","2050409","","","0000-00-00 00:00:00","0000-00-00 00:00:00","0000-00-00 00:00:00");
INSERT INTO atm_card_detail VALUES("410","MD_1410","2050410","","","0000-00-00 00:00:00","0000-00-00 00:00:00","0000-00-00 00:00:00");
INSERT INTO atm_card_detail VALUES("411","MD_1411","2050411","","","0000-00-00 00:00:00","0000-00-00 00:00:00","0000-00-00 00:00:00");
INSERT INTO atm_card_detail VALUES("412","MD_1412","2050412","","","0000-00-00 00:00:00","0000-00-00 00:00:00","0000-00-00 00:00:00");
INSERT INTO atm_card_detail VALUES("413","MD_1413","2050413","","","0000-00-00 00:00:00","0000-00-00 00:00:00","0000-00-00 00:00:00");
INSERT INTO atm_card_detail VALUES("414","MD_1414","2050414","","","0000-00-00 00:00:00","0000-00-00 00:00:00","0000-00-00 00:00:00");
INSERT INTO atm_card_detail VALUES("415","MD_1415","2050415","","","0000-00-00 00:00:00","0000-00-00 00:00:00","0000-00-00 00:00:00");
INSERT INTO atm_card_detail VALUES("416","MD_1416","2050416","","","0000-00-00 00:00:00","0000-00-00 00:00:00","0000-00-00 00:00:00");
INSERT INTO atm_card_detail VALUES("417","MD_1417","2050417","","","0000-00-00 00:00:00","0000-00-00 00:00:00","0000-00-00 00:00:00");
INSERT INTO atm_card_detail VALUES("418","MD_1418","2050418","","","0000-00-00 00:00:00","0000-00-00 00:00:00","0000-00-00 00:00:00");
INSERT INTO atm_card_detail VALUES("419","MD_1419","2050419","","","0000-00-00 00:00:00","0000-00-00 00:00:00","0000-00-00 00:00:00");
INSERT INTO atm_card_detail VALUES("420","MD_1420","2050420","","","0000-00-00 00:00:00","0000-00-00 00:00:00","0000-00-00 00:00:00");
INSERT INTO atm_card_detail VALUES("421","MD_1421","2050421","","","0000-00-00 00:00:00","0000-00-00 00:00:00","0000-00-00 00:00:00");
INSERT INTO atm_card_detail VALUES("422","MD_1422","2050422","","","0000-00-00 00:00:00","0000-00-00 00:00:00","0000-00-00 00:00:00");
INSERT INTO atm_card_detail VALUES("423","MD_1423","2050423","","","0000-00-00 00:00:00","0000-00-00 00:00:00","0000-00-00 00:00:00");
INSERT INTO atm_card_detail VALUES("424","MD_1424","2050424","","","0000-00-00 00:00:00","0000-00-00 00:00:00","0000-00-00 00:00:00");
INSERT INTO atm_card_detail VALUES("425","MD_1425","2050425","","","0000-00-00 00:00:00","0000-00-00 00:00:00","0000-00-00 00:00:00");
INSERT INTO atm_card_detail VALUES("426","MD_1426","2050426","","","0000-00-00 00:00:00","0000-00-00 00:00:00","0000-00-00 00:00:00");
INSERT INTO atm_card_detail VALUES("427","MD_1427","2050427","","","0000-00-00 00:00:00","0000-00-00 00:00:00","0000-00-00 00:00:00");
INSERT INTO atm_card_detail VALUES("428","MD_1428","2050428","","","0000-00-00 00:00:00","0000-00-00 00:00:00","0000-00-00 00:00:00");
INSERT INTO atm_card_detail VALUES("429","MD_1429","2050429","","","0000-00-00 00:00:00","0000-00-00 00:00:00","0000-00-00 00:00:00");
INSERT INTO atm_card_detail VALUES("430","MD_1430","2050430","","","0000-00-00 00:00:00","0000-00-00 00:00:00","0000-00-00 00:00:00");
INSERT INTO atm_card_detail VALUES("431","MD_1431","2050431","","","0000-00-00 00:00:00","0000-00-00 00:00:00","0000-00-00 00:00:00");
INSERT INTO atm_card_detail VALUES("432","MD_1432","2050432","","","0000-00-00 00:00:00","0000-00-00 00:00:00","0000-00-00 00:00:00");
INSERT INTO atm_card_detail VALUES("433","MD_1433","2050433","","","0000-00-00 00:00:00","0000-00-00 00:00:00","0000-00-00 00:00:00");
INSERT INTO atm_card_detail VALUES("434","MD_1434","2050434","","","0000-00-00 00:00:00","0000-00-00 00:00:00","0000-00-00 00:00:00");
INSERT INTO atm_card_detail VALUES("435","MD_1435","2050435","","","0000-00-00 00:00:00","0000-00-00 00:00:00","0000-00-00 00:00:00");
INSERT INTO atm_card_detail VALUES("436","MD_1436","2050436","","","0000-00-00 00:00:00","0000-00-00 00:00:00","0000-00-00 00:00:00");
INSERT INTO atm_card_detail VALUES("437","MD_1437","2050437","","","0000-00-00 00:00:00","0000-00-00 00:00:00","0000-00-00 00:00:00");
INSERT INTO atm_card_detail VALUES("438","MD_1438","2050438","","","0000-00-00 00:00:00","0000-00-00 00:00:00","0000-00-00 00:00:00");
INSERT INTO atm_card_detail VALUES("439","MD_1439","2050439","","","0000-00-00 00:00:00","0000-00-00 00:00:00","0000-00-00 00:00:00");
INSERT INTO atm_card_detail VALUES("440","MD_1440","2050440","","","0000-00-00 00:00:00","0000-00-00 00:00:00","0000-00-00 00:00:00");
INSERT INTO atm_card_detail VALUES("441","MD_1441","2050441","","","0000-00-00 00:00:00","0000-00-00 00:00:00","0000-00-00 00:00:00");
INSERT INTO atm_card_detail VALUES("442","MD_1442","2050442","","","0000-00-00 00:00:00","0000-00-00 00:00:00","0000-00-00 00:00:00");
INSERT INTO atm_card_detail VALUES("443","MD_1443","2050443","","","0000-00-00 00:00:00","0000-00-00 00:00:00","0000-00-00 00:00:00");
INSERT INTO atm_card_detail VALUES("444","MD_1444","2050444","","","0000-00-00 00:00:00","0000-00-00 00:00:00","0000-00-00 00:00:00");
INSERT INTO atm_card_detail VALUES("445","MD_1445","2050445","","","0000-00-00 00:00:00","0000-00-00 00:00:00","0000-00-00 00:00:00");
INSERT INTO atm_card_detail VALUES("446","MD_1446","2050446","","","0000-00-00 00:00:00","0000-00-00 00:00:00","0000-00-00 00:00:00");
INSERT INTO atm_card_detail VALUES("447","MD_1447","2050447","","","0000-00-00 00:00:00","0000-00-00 00:00:00","0000-00-00 00:00:00");
INSERT INTO atm_card_detail VALUES("448","MD_1448","2050448","","","0000-00-00 00:00:00","0000-00-00 00:00:00","0000-00-00 00:00:00");
INSERT INTO atm_card_detail VALUES("449","MD_1449","2050449","","","0000-00-00 00:00:00","0000-00-00 00:00:00","0000-00-00 00:00:00");
INSERT INTO atm_card_detail VALUES("450","MD_1450","2050450","","","0000-00-00 00:00:00","0000-00-00 00:00:00","0000-00-00 00:00:00");
INSERT INTO atm_card_detail VALUES("451","MD_1451","2050451","","","0000-00-00 00:00:00","0000-00-00 00:00:00","0000-00-00 00:00:00");
INSERT INTO atm_card_detail VALUES("452","MD_1452","2050452","","","0000-00-00 00:00:00","0000-00-00 00:00:00","0000-00-00 00:00:00");
INSERT INTO atm_card_detail VALUES("453","MD_1453","2050453","","","0000-00-00 00:00:00","0000-00-00 00:00:00","0000-00-00 00:00:00");
INSERT INTO atm_card_detail VALUES("454","MD_1454","2050454","","","0000-00-00 00:00:00","0000-00-00 00:00:00","0000-00-00 00:00:00");
INSERT INTO atm_card_detail VALUES("455","MD_1455","2050455","","","0000-00-00 00:00:00","0000-00-00 00:00:00","0000-00-00 00:00:00");
INSERT INTO atm_card_detail VALUES("456","MD_1456","2050456","","","0000-00-00 00:00:00","0000-00-00 00:00:00","0000-00-00 00:00:00");
INSERT INTO atm_card_detail VALUES("457","MD_1457","2050457","","","0000-00-00 00:00:00","0000-00-00 00:00:00","0000-00-00 00:00:00");
INSERT INTO atm_card_detail VALUES("458","MD_1458","2050458","","","0000-00-00 00:00:00","0000-00-00 00:00:00","0000-00-00 00:00:00");
INSERT INTO atm_card_detail VALUES("459","MD_1459","2050459","","","0000-00-00 00:00:00","0000-00-00 00:00:00","0000-00-00 00:00:00");
INSERT INTO atm_card_detail VALUES("460","MD_1460","2050460","","","0000-00-00 00:00:00","0000-00-00 00:00:00","0000-00-00 00:00:00");
INSERT INTO atm_card_detail VALUES("461","MD_1461","2050461","","","0000-00-00 00:00:00","0000-00-00 00:00:00","0000-00-00 00:00:00");
INSERT INTO atm_card_detail VALUES("462","MD_1462","2050462","","","0000-00-00 00:00:00","0000-00-00 00:00:00","0000-00-00 00:00:00");
INSERT INTO atm_card_detail VALUES("463","MD_1463","2050463","","","0000-00-00 00:00:00","0000-00-00 00:00:00","0000-00-00 00:00:00");
INSERT INTO atm_card_detail VALUES("464","MD_1464","2050464","","","0000-00-00 00:00:00","0000-00-00 00:00:00","0000-00-00 00:00:00");
INSERT INTO atm_card_detail VALUES("465","MD_1465","2050465","","","0000-00-00 00:00:00","0000-00-00 00:00:00","0000-00-00 00:00:00");
INSERT INTO atm_card_detail VALUES("466","MD_1466","2050466","","","0000-00-00 00:00:00","0000-00-00 00:00:00","0000-00-00 00:00:00");
INSERT INTO atm_card_detail VALUES("467","MD_1467","2050467","","","0000-00-00 00:00:00","0000-00-00 00:00:00","0000-00-00 00:00:00");
INSERT INTO atm_card_detail VALUES("468","MD_1468","2050468","","","0000-00-00 00:00:00","0000-00-00 00:00:00","0000-00-00 00:00:00");
INSERT INTO atm_card_detail VALUES("469","MD_1469","2050469","","","0000-00-00 00:00:00","0000-00-00 00:00:00","0000-00-00 00:00:00");
INSERT INTO atm_card_detail VALUES("470","MD_1470","2050470","","","0000-00-00 00:00:00","0000-00-00 00:00:00","0000-00-00 00:00:00");
INSERT INTO atm_card_detail VALUES("471","MD_1471","2050471","","","0000-00-00 00:00:00","0000-00-00 00:00:00","0000-00-00 00:00:00");
INSERT INTO atm_card_detail VALUES("472","MD_1472","2050472","","","0000-00-00 00:00:00","0000-00-00 00:00:00","0000-00-00 00:00:00");
INSERT INTO atm_card_detail VALUES("473","MD_1473","2050473","","","0000-00-00 00:00:00","0000-00-00 00:00:00","0000-00-00 00:00:00");
INSERT INTO atm_card_detail VALUES("474","MD_1474","2050474","","","0000-00-00 00:00:00","0000-00-00 00:00:00","0000-00-00 00:00:00");
INSERT INTO atm_card_detail VALUES("475","MD_1475","2050475","","","0000-00-00 00:00:00","0000-00-00 00:00:00","0000-00-00 00:00:00");
INSERT INTO atm_card_detail VALUES("476","MD_1476","2050476","","","0000-00-00 00:00:00","0000-00-00 00:00:00","0000-00-00 00:00:00");
INSERT INTO atm_card_detail VALUES("477","MD_1477","2050477","","","0000-00-00 00:00:00","0000-00-00 00:00:00","0000-00-00 00:00:00");
INSERT INTO atm_card_detail VALUES("478","MD_1478","2050478","","","0000-00-00 00:00:00","0000-00-00 00:00:00","0000-00-00 00:00:00");
INSERT INTO atm_card_detail VALUES("479","MD_1479","2050479","","","0000-00-00 00:00:00","0000-00-00 00:00:00","0000-00-00 00:00:00");
INSERT INTO atm_card_detail VALUES("480","MD_1480","2050480","","","0000-00-00 00:00:00","0000-00-00 00:00:00","0000-00-00 00:00:00");
INSERT INTO atm_card_detail VALUES("481","MD_1481","2050481","","","0000-00-00 00:00:00","0000-00-00 00:00:00","0000-00-00 00:00:00");
INSERT INTO atm_card_detail VALUES("482","MD_1482","2050482","","","0000-00-00 00:00:00","0000-00-00 00:00:00","0000-00-00 00:00:00");
INSERT INTO atm_card_detail VALUES("483","MD_1483","2050483","","","0000-00-00 00:00:00","0000-00-00 00:00:00","0000-00-00 00:00:00");
INSERT INTO atm_card_detail VALUES("484","MD_1484","2050484","","","0000-00-00 00:00:00","0000-00-00 00:00:00","0000-00-00 00:00:00");
INSERT INTO atm_card_detail VALUES("485","MD_1485","2050485","","","0000-00-00 00:00:00","0000-00-00 00:00:00","0000-00-00 00:00:00");
INSERT INTO atm_card_detail VALUES("486","MD_1486","2050486","","","0000-00-00 00:00:00","0000-00-00 00:00:00","0000-00-00 00:00:00");
INSERT INTO atm_card_detail VALUES("487","MD_1487","2050487","","","0000-00-00 00:00:00","0000-00-00 00:00:00","0000-00-00 00:00:00");
INSERT INTO atm_card_detail VALUES("488","MD_1488","2050488","","","0000-00-00 00:00:00","0000-00-00 00:00:00","0000-00-00 00:00:00");
INSERT INTO atm_card_detail VALUES("489","MD_1489","2050489","","","0000-00-00 00:00:00","0000-00-00 00:00:00","0000-00-00 00:00:00");
INSERT INTO atm_card_detail VALUES("490","MD_1490","2050490","","","0000-00-00 00:00:00","0000-00-00 00:00:00","0000-00-00 00:00:00");
INSERT INTO atm_card_detail VALUES("491","MD_1491","2050491","","","0000-00-00 00:00:00","0000-00-00 00:00:00","0000-00-00 00:00:00");
INSERT INTO atm_card_detail VALUES("492","MD_1492","2050492","","","0000-00-00 00:00:00","0000-00-00 00:00:00","0000-00-00 00:00:00");
INSERT INTO atm_card_detail VALUES("493","MD_1493","2050493","","","0000-00-00 00:00:00","0000-00-00 00:00:00","0000-00-00 00:00:00");
INSERT INTO atm_card_detail VALUES("494","MD_1494","2050494","","","0000-00-00 00:00:00","0000-00-00 00:00:00","0000-00-00 00:00:00");
INSERT INTO atm_card_detail VALUES("495","MD_1495","2050495","","","0000-00-00 00:00:00","0000-00-00 00:00:00","0000-00-00 00:00:00");
INSERT INTO atm_card_detail VALUES("496","MD_1496","2050496","","","0000-00-00 00:00:00","0000-00-00 00:00:00","0000-00-00 00:00:00");
INSERT INTO atm_card_detail VALUES("497","MD_1497","2050497","","","0000-00-00 00:00:00","0000-00-00 00:00:00","0000-00-00 00:00:00");
INSERT INTO atm_card_detail VALUES("498","MD_1498","2050498","","","0000-00-00 00:00:00","0000-00-00 00:00:00","0000-00-00 00:00:00");
INSERT INTO atm_card_detail VALUES("499","MD_1499","2050499","","","0000-00-00 00:00:00","0000-00-00 00:00:00","0000-00-00 00:00:00");
INSERT INTO atm_card_detail VALUES("500","MD_1500","2050500","","","0000-00-00 00:00:00","0000-00-00 00:00:00","0000-00-00 00:00:00");
INSERT INTO atm_card_detail VALUES("501","MD_1501","2050501","","","0000-00-00 00:00:00","0000-00-00 00:00:00","0000-00-00 00:00:00");
INSERT INTO atm_card_detail VALUES("502","MD_1502","2050502","","","0000-00-00 00:00:00","0000-00-00 00:00:00","0000-00-00 00:00:00");
INSERT INTO atm_card_detail VALUES("503","MD_1503","2050503","","","0000-00-00 00:00:00","0000-00-00 00:00:00","0000-00-00 00:00:00");
INSERT INTO atm_card_detail VALUES("504","MD_1504","2050504","","","0000-00-00 00:00:00","0000-00-00 00:00:00","0000-00-00 00:00:00");
INSERT INTO atm_card_detail VALUES("505","MD_1505","2050505","","","0000-00-00 00:00:00","0000-00-00 00:00:00","0000-00-00 00:00:00");
INSERT INTO atm_card_detail VALUES("506","MD_1506","2050506","","","0000-00-00 00:00:00","0000-00-00 00:00:00","0000-00-00 00:00:00");
INSERT INTO atm_card_detail VALUES("507","MD_1507","2050507","","","0000-00-00 00:00:00","0000-00-00 00:00:00","0000-00-00 00:00:00");
INSERT INTO atm_card_detail VALUES("508","MD_1508","2050508","","","0000-00-00 00:00:00","0000-00-00 00:00:00","0000-00-00 00:00:00");
INSERT INTO atm_card_detail VALUES("509","MD_1509","2050509","","","0000-00-00 00:00:00","0000-00-00 00:00:00","0000-00-00 00:00:00");
INSERT INTO atm_card_detail VALUES("510","MD_1510","2050510","","","0000-00-00 00:00:00","0000-00-00 00:00:00","0000-00-00 00:00:00");
INSERT INTO atm_card_detail VALUES("511","MD_1511","2050511","","","0000-00-00 00:00:00","0000-00-00 00:00:00","0000-00-00 00:00:00");
INSERT INTO atm_card_detail VALUES("512","MD_1512","2050512","","","0000-00-00 00:00:00","0000-00-00 00:00:00","0000-00-00 00:00:00");
INSERT INTO atm_card_detail VALUES("513","MD_1513","2050513","","","0000-00-00 00:00:00","0000-00-00 00:00:00","0000-00-00 00:00:00");
INSERT INTO atm_card_detail VALUES("514","MD_1514","2050514","","","0000-00-00 00:00:00","0000-00-00 00:00:00","0000-00-00 00:00:00");
INSERT INTO atm_card_detail VALUES("515","MD_1515","2050515","","","0000-00-00 00:00:00","0000-00-00 00:00:00","0000-00-00 00:00:00");
INSERT INTO atm_card_detail VALUES("516","MD_1516","2050516","","","0000-00-00 00:00:00","0000-00-00 00:00:00","0000-00-00 00:00:00");
INSERT INTO atm_card_detail VALUES("517","MD_1517","2050517","","","0000-00-00 00:00:00","0000-00-00 00:00:00","0000-00-00 00:00:00");
INSERT INTO atm_card_detail VALUES("518","MD_1518","2050518","","","0000-00-00 00:00:00","0000-00-00 00:00:00","0000-00-00 00:00:00");
INSERT INTO atm_card_detail VALUES("519","MD_1519","2050519","","","0000-00-00 00:00:00","0000-00-00 00:00:00","0000-00-00 00:00:00");
INSERT INTO atm_card_detail VALUES("520","MD_1520","2050520","","","0000-00-00 00:00:00","0000-00-00 00:00:00","0000-00-00 00:00:00");
INSERT INTO atm_card_detail VALUES("521","MD_1521","2050521","","","0000-00-00 00:00:00","0000-00-00 00:00:00","0000-00-00 00:00:00");
INSERT INTO atm_card_detail VALUES("522","MD_1522","2050522","","","0000-00-00 00:00:00","0000-00-00 00:00:00","0000-00-00 00:00:00");
INSERT INTO atm_card_detail VALUES("523","MD_1523","2050523","","","0000-00-00 00:00:00","0000-00-00 00:00:00","0000-00-00 00:00:00");
INSERT INTO atm_card_detail VALUES("524","MD_1524","2050524","","","0000-00-00 00:00:00","0000-00-00 00:00:00","0000-00-00 00:00:00");
INSERT INTO atm_card_detail VALUES("525","MD_1525","2050525","","","0000-00-00 00:00:00","0000-00-00 00:00:00","0000-00-00 00:00:00");
INSERT INTO atm_card_detail VALUES("526","MD_1526","2050526","","","0000-00-00 00:00:00","0000-00-00 00:00:00","0000-00-00 00:00:00");
INSERT INTO atm_card_detail VALUES("527","MD_1527","2050527","","","0000-00-00 00:00:00","0000-00-00 00:00:00","0000-00-00 00:00:00");
INSERT INTO atm_card_detail VALUES("528","MD_1528","2050528","","","0000-00-00 00:00:00","0000-00-00 00:00:00","0000-00-00 00:00:00");
INSERT INTO atm_card_detail VALUES("529","MD_1529","2050529","","","0000-00-00 00:00:00","0000-00-00 00:00:00","0000-00-00 00:00:00");
INSERT INTO atm_card_detail VALUES("530","MD_1530","2050530","","","0000-00-00 00:00:00","0000-00-00 00:00:00","0000-00-00 00:00:00");
INSERT INTO atm_card_detail VALUES("531","MD_1531","2050531","","","0000-00-00 00:00:00","0000-00-00 00:00:00","0000-00-00 00:00:00");
INSERT INTO atm_card_detail VALUES("532","MD_1532","2050532","","","0000-00-00 00:00:00","0000-00-00 00:00:00","0000-00-00 00:00:00");
INSERT INTO atm_card_detail VALUES("533","MD_1533","2050533","","","0000-00-00 00:00:00","0000-00-00 00:00:00","0000-00-00 00:00:00");
INSERT INTO atm_card_detail VALUES("534","MD_1534","2050534","","","0000-00-00 00:00:00","0000-00-00 00:00:00","0000-00-00 00:00:00");
INSERT INTO atm_card_detail VALUES("535","MD_1535","2050535","","","0000-00-00 00:00:00","0000-00-00 00:00:00","0000-00-00 00:00:00");
INSERT INTO atm_card_detail VALUES("536","MD_1536","2050536","","","0000-00-00 00:00:00","0000-00-00 00:00:00","0000-00-00 00:00:00");
INSERT INTO atm_card_detail VALUES("537","MD_1537","2050537","","","0000-00-00 00:00:00","0000-00-00 00:00:00","0000-00-00 00:00:00");
INSERT INTO atm_card_detail VALUES("538","MD_1538","2050538","","","0000-00-00 00:00:00","0000-00-00 00:00:00","0000-00-00 00:00:00");
INSERT INTO atm_card_detail VALUES("539","MD_1539","2050539","","","0000-00-00 00:00:00","0000-00-00 00:00:00","0000-00-00 00:00:00");
INSERT INTO atm_card_detail VALUES("540","MD_1540","2050540","","","0000-00-00 00:00:00","0000-00-00 00:00:00","0000-00-00 00:00:00");
INSERT INTO atm_card_detail VALUES("541","MD_1541","2050541","","","0000-00-00 00:00:00","0000-00-00 00:00:00","0000-00-00 00:00:00");
INSERT INTO atm_card_detail VALUES("542","MD_1542","2050542","","","0000-00-00 00:00:00","0000-00-00 00:00:00","0000-00-00 00:00:00");
INSERT INTO atm_card_detail VALUES("543","MD_1543","2050543","","","0000-00-00 00:00:00","0000-00-00 00:00:00","0000-00-00 00:00:00");
INSERT INTO atm_card_detail VALUES("544","MD_1544","2050544","","","0000-00-00 00:00:00","0000-00-00 00:00:00","0000-00-00 00:00:00");
INSERT INTO atm_card_detail VALUES("545","MD_1545","2050545","","","0000-00-00 00:00:00","0000-00-00 00:00:00","0000-00-00 00:00:00");
INSERT INTO atm_card_detail VALUES("546","MD_1546","2050546","","","0000-00-00 00:00:00","0000-00-00 00:00:00","0000-00-00 00:00:00");
INSERT INTO atm_card_detail VALUES("547","MD_1547","2050547","","","0000-00-00 00:00:00","0000-00-00 00:00:00","0000-00-00 00:00:00");
INSERT INTO atm_card_detail VALUES("548","MD_1548","2050548","","","0000-00-00 00:00:00","0000-00-00 00:00:00","0000-00-00 00:00:00");
INSERT INTO atm_card_detail VALUES("549","MD_1549","2050549","","","0000-00-00 00:00:00","0000-00-00 00:00:00","0000-00-00 00:00:00");
INSERT INTO atm_card_detail VALUES("550","MD_1550","2050550","","","0000-00-00 00:00:00","0000-00-00 00:00:00","0000-00-00 00:00:00");
INSERT INTO atm_card_detail VALUES("551","MD_1551","2050551","","","0000-00-00 00:00:00","0000-00-00 00:00:00","0000-00-00 00:00:00");
INSERT INTO atm_card_detail VALUES("552","MD_1552","2050552","","","0000-00-00 00:00:00","0000-00-00 00:00:00","0000-00-00 00:00:00");
INSERT INTO atm_card_detail VALUES("553","MD_1553","2050553","","","0000-00-00 00:00:00","0000-00-00 00:00:00","0000-00-00 00:00:00");
INSERT INTO atm_card_detail VALUES("554","MD_1554","2050554","","","0000-00-00 00:00:00","0000-00-00 00:00:00","0000-00-00 00:00:00");
INSERT INTO atm_card_detail VALUES("555","MD_1555","2050555","","","0000-00-00 00:00:00","0000-00-00 00:00:00","0000-00-00 00:00:00");
INSERT INTO atm_card_detail VALUES("556","MD_1556","2050556","","","0000-00-00 00:00:00","0000-00-00 00:00:00","0000-00-00 00:00:00");
INSERT INTO atm_card_detail VALUES("557","MD_1557","2050557","","","0000-00-00 00:00:00","0000-00-00 00:00:00","0000-00-00 00:00:00");
INSERT INTO atm_card_detail VALUES("558","MD_1558","2050558","","","0000-00-00 00:00:00","0000-00-00 00:00:00","0000-00-00 00:00:00");
INSERT INTO atm_card_detail VALUES("559","MD_1559","2050559","","","0000-00-00 00:00:00","0000-00-00 00:00:00","0000-00-00 00:00:00");
INSERT INTO atm_card_detail VALUES("560","MD_1560","2050560","","","0000-00-00 00:00:00","0000-00-00 00:00:00","0000-00-00 00:00:00");
INSERT INTO atm_card_detail VALUES("561","MD_1561","2050561","","","0000-00-00 00:00:00","0000-00-00 00:00:00","0000-00-00 00:00:00");
INSERT INTO atm_card_detail VALUES("562","MD_1562","2050562","","","0000-00-00 00:00:00","0000-00-00 00:00:00","0000-00-00 00:00:00");
INSERT INTO atm_card_detail VALUES("563","MD_1563","2050563","","","0000-00-00 00:00:00","0000-00-00 00:00:00","0000-00-00 00:00:00");
INSERT INTO atm_card_detail VALUES("564","MD_1564","2050564","","","0000-00-00 00:00:00","0000-00-00 00:00:00","0000-00-00 00:00:00");
INSERT INTO atm_card_detail VALUES("565","MD_1565","2050565","","","0000-00-00 00:00:00","0000-00-00 00:00:00","0000-00-00 00:00:00");
INSERT INTO atm_card_detail VALUES("566","MD_1566","2050566","","","0000-00-00 00:00:00","0000-00-00 00:00:00","0000-00-00 00:00:00");
INSERT INTO atm_card_detail VALUES("567","MD_1567","2050567","","","0000-00-00 00:00:00","0000-00-00 00:00:00","0000-00-00 00:00:00");
INSERT INTO atm_card_detail VALUES("568","MD_1568","2050568","","","0000-00-00 00:00:00","0000-00-00 00:00:00","0000-00-00 00:00:00");
INSERT INTO atm_card_detail VALUES("569","MD_1569","2050569","","","0000-00-00 00:00:00","0000-00-00 00:00:00","0000-00-00 00:00:00");
INSERT INTO atm_card_detail VALUES("570","MD_1570","2050570","","","0000-00-00 00:00:00","0000-00-00 00:00:00","0000-00-00 00:00:00");
INSERT INTO atm_card_detail VALUES("571","MD_1571","2050571","","","0000-00-00 00:00:00","0000-00-00 00:00:00","0000-00-00 00:00:00");
INSERT INTO atm_card_detail VALUES("572","MD_1572","2050572","","","0000-00-00 00:00:00","0000-00-00 00:00:00","0000-00-00 00:00:00");
INSERT INTO atm_card_detail VALUES("573","MD_1573","2050573","","","0000-00-00 00:00:00","0000-00-00 00:00:00","0000-00-00 00:00:00");
INSERT INTO atm_card_detail VALUES("574","MD_1574","2050574","","","0000-00-00 00:00:00","0000-00-00 00:00:00","0000-00-00 00:00:00");
INSERT INTO atm_card_detail VALUES("575","MD_1575","2050575","","","0000-00-00 00:00:00","0000-00-00 00:00:00","0000-00-00 00:00:00");
INSERT INTO atm_card_detail VALUES("576","MD_1576","2050576","","","0000-00-00 00:00:00","0000-00-00 00:00:00","0000-00-00 00:00:00");
INSERT INTO atm_card_detail VALUES("577","MD_1577","2050577","","","0000-00-00 00:00:00","0000-00-00 00:00:00","0000-00-00 00:00:00");
INSERT INTO atm_card_detail VALUES("578","MD_1578","2050578","","","0000-00-00 00:00:00","0000-00-00 00:00:00","0000-00-00 00:00:00");
INSERT INTO atm_card_detail VALUES("579","MD_1579","2050579","","","0000-00-00 00:00:00","0000-00-00 00:00:00","0000-00-00 00:00:00");
INSERT INTO atm_card_detail VALUES("580","MD_1580","2050580","","","0000-00-00 00:00:00","0000-00-00 00:00:00","0000-00-00 00:00:00");
INSERT INTO atm_card_detail VALUES("581","MD_1581","2050581","","","0000-00-00 00:00:00","0000-00-00 00:00:00","0000-00-00 00:00:00");
INSERT INTO atm_card_detail VALUES("582","MD_1582","2050582","","","0000-00-00 00:00:00","0000-00-00 00:00:00","0000-00-00 00:00:00");
INSERT INTO atm_card_detail VALUES("583","MD_1583","2050583","","","0000-00-00 00:00:00","0000-00-00 00:00:00","0000-00-00 00:00:00");
INSERT INTO atm_card_detail VALUES("584","MD_1584","2050584","","","0000-00-00 00:00:00","0000-00-00 00:00:00","0000-00-00 00:00:00");
INSERT INTO atm_card_detail VALUES("585","MD_1585","2050585","","","0000-00-00 00:00:00","0000-00-00 00:00:00","0000-00-00 00:00:00");
INSERT INTO atm_card_detail VALUES("586","MD_1586","2050586","","","0000-00-00 00:00:00","0000-00-00 00:00:00","0000-00-00 00:00:00");
INSERT INTO atm_card_detail VALUES("587","MD_1587","2050587","","","0000-00-00 00:00:00","0000-00-00 00:00:00","0000-00-00 00:00:00");
INSERT INTO atm_card_detail VALUES("588","MD_1588","2050588","","","0000-00-00 00:00:00","0000-00-00 00:00:00","0000-00-00 00:00:00");
INSERT INTO atm_card_detail VALUES("589","MD_1589","2050589","","","0000-00-00 00:00:00","0000-00-00 00:00:00","0000-00-00 00:00:00");
INSERT INTO atm_card_detail VALUES("590","MD_1590","2050590","","","0000-00-00 00:00:00","0000-00-00 00:00:00","0000-00-00 00:00:00");
INSERT INTO atm_card_detail VALUES("591","MD_1591","2050591","","","0000-00-00 00:00:00","0000-00-00 00:00:00","0000-00-00 00:00:00");
INSERT INTO atm_card_detail VALUES("592","MD_1592","2050592","","","0000-00-00 00:00:00","0000-00-00 00:00:00","0000-00-00 00:00:00");
INSERT INTO atm_card_detail VALUES("593","MD_1593","2050593","","","0000-00-00 00:00:00","0000-00-00 00:00:00","0000-00-00 00:00:00");
INSERT INTO atm_card_detail VALUES("594","MD_1594","2050594","","","0000-00-00 00:00:00","0000-00-00 00:00:00","0000-00-00 00:00:00");
INSERT INTO atm_card_detail VALUES("595","MD_1595","2050595","","","0000-00-00 00:00:00","0000-00-00 00:00:00","0000-00-00 00:00:00");
INSERT INTO atm_card_detail VALUES("596","MD_1596","2050596","","","0000-00-00 00:00:00","0000-00-00 00:00:00","0000-00-00 00:00:00");
INSERT INTO atm_card_detail VALUES("597","MD_1597","2050597","","","0000-00-00 00:00:00","0000-00-00 00:00:00","0000-00-00 00:00:00");
INSERT INTO atm_card_detail VALUES("598","MD_1598","2050598","","","0000-00-00 00:00:00","0000-00-00 00:00:00","0000-00-00 00:00:00");
INSERT INTO atm_card_detail VALUES("599","MD_1599","2050599","","","0000-00-00 00:00:00","0000-00-00 00:00:00","0000-00-00 00:00:00");
INSERT INTO atm_card_detail VALUES("600","MD_1600","2050600","","","0000-00-00 00:00:00","0000-00-00 00:00:00","0000-00-00 00:00:00");
INSERT INTO atm_card_detail VALUES("601","MD_1601","2050601","","","0000-00-00 00:00:00","0000-00-00 00:00:00","0000-00-00 00:00:00");
INSERT INTO atm_card_detail VALUES("602","MD_1602","2050602","","","0000-00-00 00:00:00","0000-00-00 00:00:00","0000-00-00 00:00:00");
INSERT INTO atm_card_detail VALUES("603","MD_1603","2050603","","","0000-00-00 00:00:00","0000-00-00 00:00:00","0000-00-00 00:00:00");
INSERT INTO atm_card_detail VALUES("604","MD_1604","2050604","","","0000-00-00 00:00:00","0000-00-00 00:00:00","0000-00-00 00:00:00");
INSERT INTO atm_card_detail VALUES("605","MD_1605","2050605","","","0000-00-00 00:00:00","0000-00-00 00:00:00","0000-00-00 00:00:00");
INSERT INTO atm_card_detail VALUES("606","MD_1606","2050606","","","0000-00-00 00:00:00","0000-00-00 00:00:00","0000-00-00 00:00:00");
INSERT INTO atm_card_detail VALUES("607","MD_1607","2050607","","","0000-00-00 00:00:00","0000-00-00 00:00:00","0000-00-00 00:00:00");
INSERT INTO atm_card_detail VALUES("608","MD_1608","2050608","","","0000-00-00 00:00:00","0000-00-00 00:00:00","0000-00-00 00:00:00");
INSERT INTO atm_card_detail VALUES("609","MD_1609","2050609","","","0000-00-00 00:00:00","0000-00-00 00:00:00","0000-00-00 00:00:00");
INSERT INTO atm_card_detail VALUES("610","MD_1610","2050610","","","0000-00-00 00:00:00","0000-00-00 00:00:00","0000-00-00 00:00:00");
INSERT INTO atm_card_detail VALUES("611","MD_1611","2050611","","","0000-00-00 00:00:00","0000-00-00 00:00:00","0000-00-00 00:00:00");
INSERT INTO atm_card_detail VALUES("612","MD_1612","2050612","","","0000-00-00 00:00:00","0000-00-00 00:00:00","0000-00-00 00:00:00");
INSERT INTO atm_card_detail VALUES("613","MD_1613","2050613","","","0000-00-00 00:00:00","0000-00-00 00:00:00","0000-00-00 00:00:00");
INSERT INTO atm_card_detail VALUES("614","MD_1614","2050614","","","0000-00-00 00:00:00","0000-00-00 00:00:00","0000-00-00 00:00:00");
INSERT INTO atm_card_detail VALUES("615","MD_1615","2050615","","","0000-00-00 00:00:00","0000-00-00 00:00:00","0000-00-00 00:00:00");
INSERT INTO atm_card_detail VALUES("616","MD_1616","2050616","","","0000-00-00 00:00:00","0000-00-00 00:00:00","0000-00-00 00:00:00");
INSERT INTO atm_card_detail VALUES("617","MD_1617","2050617","","","0000-00-00 00:00:00","0000-00-00 00:00:00","0000-00-00 00:00:00");
INSERT INTO atm_card_detail VALUES("618","MD_1618","2050618","","","0000-00-00 00:00:00","0000-00-00 00:00:00","0000-00-00 00:00:00");
INSERT INTO atm_card_detail VALUES("619","MD_1619","2050619","","","0000-00-00 00:00:00","0000-00-00 00:00:00","0000-00-00 00:00:00");
INSERT INTO atm_card_detail VALUES("620","MD_1620","2050620","","","0000-00-00 00:00:00","0000-00-00 00:00:00","0000-00-00 00:00:00");
INSERT INTO atm_card_detail VALUES("621","MD_1621","2050621","","","0000-00-00 00:00:00","0000-00-00 00:00:00","0000-00-00 00:00:00");
INSERT INTO atm_card_detail VALUES("622","MD_1622","2050622","","","0000-00-00 00:00:00","0000-00-00 00:00:00","0000-00-00 00:00:00");
INSERT INTO atm_card_detail VALUES("623","MD_1623","2050623","","","0000-00-00 00:00:00","0000-00-00 00:00:00","0000-00-00 00:00:00");
INSERT INTO atm_card_detail VALUES("624","MD_1624","2050624","","","0000-00-00 00:00:00","0000-00-00 00:00:00","0000-00-00 00:00:00");
INSERT INTO atm_card_detail VALUES("625","MD_1625","2050625","","","0000-00-00 00:00:00","0000-00-00 00:00:00","0000-00-00 00:00:00");
INSERT INTO atm_card_detail VALUES("626","MD_1626","2050626","","","0000-00-00 00:00:00","0000-00-00 00:00:00","0000-00-00 00:00:00");
INSERT INTO atm_card_detail VALUES("627","MD_1627","2050627","","","0000-00-00 00:00:00","0000-00-00 00:00:00","0000-00-00 00:00:00");
INSERT INTO atm_card_detail VALUES("628","MD_1628","2050628","","","0000-00-00 00:00:00","0000-00-00 00:00:00","0000-00-00 00:00:00");
INSERT INTO atm_card_detail VALUES("629","MD_1629","2050629","","","0000-00-00 00:00:00","0000-00-00 00:00:00","0000-00-00 00:00:00");
INSERT INTO atm_card_detail VALUES("630","MD_1630","2050630","","","0000-00-00 00:00:00","0000-00-00 00:00:00","0000-00-00 00:00:00");
INSERT INTO atm_card_detail VALUES("631","MD_1631","2050631","","","0000-00-00 00:00:00","0000-00-00 00:00:00","0000-00-00 00:00:00");
INSERT INTO atm_card_detail VALUES("632","MD_1632","2050632","","","0000-00-00 00:00:00","0000-00-00 00:00:00","0000-00-00 00:00:00");
INSERT INTO atm_card_detail VALUES("633","MD_1633","2050633","","","0000-00-00 00:00:00","0000-00-00 00:00:00","0000-00-00 00:00:00");
INSERT INTO atm_card_detail VALUES("634","MD_1634","2050634","","","0000-00-00 00:00:00","0000-00-00 00:00:00","0000-00-00 00:00:00");
INSERT INTO atm_card_detail VALUES("635","MD_1635","2050635","","","0000-00-00 00:00:00","0000-00-00 00:00:00","0000-00-00 00:00:00");
INSERT INTO atm_card_detail VALUES("636","MD_1636","2050636","","","0000-00-00 00:00:00","0000-00-00 00:00:00","0000-00-00 00:00:00");
INSERT INTO atm_card_detail VALUES("637","MD_1637","2050637","","","0000-00-00 00:00:00","0000-00-00 00:00:00","0000-00-00 00:00:00");
INSERT INTO atm_card_detail VALUES("638","MD_1638","2050638","","","0000-00-00 00:00:00","0000-00-00 00:00:00","0000-00-00 00:00:00");
INSERT INTO atm_card_detail VALUES("639","MD_1639","2050639","","","0000-00-00 00:00:00","0000-00-00 00:00:00","0000-00-00 00:00:00");
INSERT INTO atm_card_detail VALUES("640","MD_1640","2050640","","","0000-00-00 00:00:00","0000-00-00 00:00:00","0000-00-00 00:00:00");
INSERT INTO atm_card_detail VALUES("641","MD_1641","2050641","","","0000-00-00 00:00:00","0000-00-00 00:00:00","0000-00-00 00:00:00");
INSERT INTO atm_card_detail VALUES("642","MD_1642","2050642","","","0000-00-00 00:00:00","0000-00-00 00:00:00","0000-00-00 00:00:00");
INSERT INTO atm_card_detail VALUES("643","MD_1643","2050643","","","0000-00-00 00:00:00","0000-00-00 00:00:00","0000-00-00 00:00:00");
INSERT INTO atm_card_detail VALUES("644","MD_1644","2050644","","","0000-00-00 00:00:00","0000-00-00 00:00:00","0000-00-00 00:00:00");
INSERT INTO atm_card_detail VALUES("645","MD_1645","2050645","","","0000-00-00 00:00:00","0000-00-00 00:00:00","0000-00-00 00:00:00");
INSERT INTO atm_card_detail VALUES("646","MD_1646","2050646","","","0000-00-00 00:00:00","0000-00-00 00:00:00","0000-00-00 00:00:00");
INSERT INTO atm_card_detail VALUES("647","MD_1647","2050647","","","0000-00-00 00:00:00","0000-00-00 00:00:00","0000-00-00 00:00:00");
INSERT INTO atm_card_detail VALUES("648","MD_1648","2050648","","","0000-00-00 00:00:00","0000-00-00 00:00:00","0000-00-00 00:00:00");
INSERT INTO atm_card_detail VALUES("649","MD_1649","2050649","","","0000-00-00 00:00:00","0000-00-00 00:00:00","0000-00-00 00:00:00");
INSERT INTO atm_card_detail VALUES("650","MD_1650","2050650","","","0000-00-00 00:00:00","0000-00-00 00:00:00","0000-00-00 00:00:00");
INSERT INTO atm_card_detail VALUES("651","MD_1651","2050651","","","0000-00-00 00:00:00","0000-00-00 00:00:00","0000-00-00 00:00:00");
INSERT INTO atm_card_detail VALUES("652","MD_1652","2050652","","","0000-00-00 00:00:00","0000-00-00 00:00:00","0000-00-00 00:00:00");
INSERT INTO atm_card_detail VALUES("653","MD_1653","2050653","","","0000-00-00 00:00:00","0000-00-00 00:00:00","0000-00-00 00:00:00");
INSERT INTO atm_card_detail VALUES("654","MD_1654","2050654","","","0000-00-00 00:00:00","0000-00-00 00:00:00","0000-00-00 00:00:00");
INSERT INTO atm_card_detail VALUES("655","MD_1655","2050655","","","0000-00-00 00:00:00","0000-00-00 00:00:00","0000-00-00 00:00:00");
INSERT INTO atm_card_detail VALUES("656","MD_1656","2050656","","","0000-00-00 00:00:00","0000-00-00 00:00:00","0000-00-00 00:00:00");
INSERT INTO atm_card_detail VALUES("657","MD_1657","2050657","","","0000-00-00 00:00:00","0000-00-00 00:00:00","0000-00-00 00:00:00");
INSERT INTO atm_card_detail VALUES("658","MD_1658","2050658","","","0000-00-00 00:00:00","0000-00-00 00:00:00","0000-00-00 00:00:00");
INSERT INTO atm_card_detail VALUES("659","MD_1659","2050659","","","0000-00-00 00:00:00","0000-00-00 00:00:00","0000-00-00 00:00:00");
INSERT INTO atm_card_detail VALUES("660","MD_1660","2050660","","","0000-00-00 00:00:00","0000-00-00 00:00:00","0000-00-00 00:00:00");
INSERT INTO atm_card_detail VALUES("661","MD_1661","2050661","","","0000-00-00 00:00:00","0000-00-00 00:00:00","0000-00-00 00:00:00");
INSERT INTO atm_card_detail VALUES("662","MD_1662","2050662","","","0000-00-00 00:00:00","0000-00-00 00:00:00","0000-00-00 00:00:00");
INSERT INTO atm_card_detail VALUES("663","MD_1663","2050663","","","0000-00-00 00:00:00","0000-00-00 00:00:00","0000-00-00 00:00:00");
INSERT INTO atm_card_detail VALUES("664","MD_1664","2050664","","","0000-00-00 00:00:00","0000-00-00 00:00:00","0000-00-00 00:00:00");
INSERT INTO atm_card_detail VALUES("665","MD_1665","2050665","","","0000-00-00 00:00:00","0000-00-00 00:00:00","0000-00-00 00:00:00");
INSERT INTO atm_card_detail VALUES("666","MD_1666","2050666","","","0000-00-00 00:00:00","0000-00-00 00:00:00","0000-00-00 00:00:00");
INSERT INTO atm_card_detail VALUES("667","MD_1667","2050667","","","0000-00-00 00:00:00","0000-00-00 00:00:00","0000-00-00 00:00:00");
INSERT INTO atm_card_detail VALUES("668","MD_1668","2050668","","","0000-00-00 00:00:00","0000-00-00 00:00:00","0000-00-00 00:00:00");
INSERT INTO atm_card_detail VALUES("669","MD_1669","2050669","","","0000-00-00 00:00:00","0000-00-00 00:00:00","0000-00-00 00:00:00");
INSERT INTO atm_card_detail VALUES("670","MD_1670","2050670","","","0000-00-00 00:00:00","0000-00-00 00:00:00","0000-00-00 00:00:00");
INSERT INTO atm_card_detail VALUES("671","MD_1671","2050671","","","0000-00-00 00:00:00","0000-00-00 00:00:00","0000-00-00 00:00:00");
INSERT INTO atm_card_detail VALUES("672","MD_1672","2050672","","","0000-00-00 00:00:00","0000-00-00 00:00:00","0000-00-00 00:00:00");
INSERT INTO atm_card_detail VALUES("673","MD_1673","2050673","","","0000-00-00 00:00:00","0000-00-00 00:00:00","0000-00-00 00:00:00");
INSERT INTO atm_card_detail VALUES("674","MD_1674","2050674","","","0000-00-00 00:00:00","0000-00-00 00:00:00","0000-00-00 00:00:00");
INSERT INTO atm_card_detail VALUES("675","MD_1675","2050675","","","0000-00-00 00:00:00","0000-00-00 00:00:00","0000-00-00 00:00:00");
INSERT INTO atm_card_detail VALUES("676","MD_1676","2050676","","","0000-00-00 00:00:00","0000-00-00 00:00:00","0000-00-00 00:00:00");
INSERT INTO atm_card_detail VALUES("677","MD_1677","2050677","","","0000-00-00 00:00:00","0000-00-00 00:00:00","0000-00-00 00:00:00");
INSERT INTO atm_card_detail VALUES("678","MD_1678","2050678","","","0000-00-00 00:00:00","0000-00-00 00:00:00","0000-00-00 00:00:00");
INSERT INTO atm_card_detail VALUES("679","MD_1679","2050679","","","0000-00-00 00:00:00","0000-00-00 00:00:00","0000-00-00 00:00:00");
INSERT INTO atm_card_detail VALUES("680","MD_1680","2050680","","","0000-00-00 00:00:00","0000-00-00 00:00:00","0000-00-00 00:00:00");
INSERT INTO atm_card_detail VALUES("681","MD_1681","2050681","","","0000-00-00 00:00:00","0000-00-00 00:00:00","0000-00-00 00:00:00");
INSERT INTO atm_card_detail VALUES("682","MD_1682","2050682","","","0000-00-00 00:00:00","0000-00-00 00:00:00","0000-00-00 00:00:00");
INSERT INTO atm_card_detail VALUES("683","MD_1683","2050683","","","0000-00-00 00:00:00","0000-00-00 00:00:00","0000-00-00 00:00:00");
INSERT INTO atm_card_detail VALUES("684","MD_1684","2050684","","","0000-00-00 00:00:00","0000-00-00 00:00:00","0000-00-00 00:00:00");
INSERT INTO atm_card_detail VALUES("685","MD_1685","2050685","","","0000-00-00 00:00:00","0000-00-00 00:00:00","0000-00-00 00:00:00");
INSERT INTO atm_card_detail VALUES("686","MD_1686","2050686","","","0000-00-00 00:00:00","0000-00-00 00:00:00","0000-00-00 00:00:00");
INSERT INTO atm_card_detail VALUES("687","MD_1687","2050687","","","0000-00-00 00:00:00","0000-00-00 00:00:00","0000-00-00 00:00:00");
INSERT INTO atm_card_detail VALUES("688","MD_1688","2050688","","","0000-00-00 00:00:00","0000-00-00 00:00:00","0000-00-00 00:00:00");
INSERT INTO atm_card_detail VALUES("689","MD_1689","2050689","","","0000-00-00 00:00:00","0000-00-00 00:00:00","0000-00-00 00:00:00");
INSERT INTO atm_card_detail VALUES("690","MD_1690","2050690","","","0000-00-00 00:00:00","0000-00-00 00:00:00","0000-00-00 00:00:00");
INSERT INTO atm_card_detail VALUES("691","MD_1691","2050691","","","0000-00-00 00:00:00","0000-00-00 00:00:00","0000-00-00 00:00:00");
INSERT INTO atm_card_detail VALUES("692","MD_1692","2050692","","","0000-00-00 00:00:00","0000-00-00 00:00:00","0000-00-00 00:00:00");
INSERT INTO atm_card_detail VALUES("693","MD_1693","2050693","","","0000-00-00 00:00:00","0000-00-00 00:00:00","0000-00-00 00:00:00");
INSERT INTO atm_card_detail VALUES("694","MD_1694","2050694","","","0000-00-00 00:00:00","0000-00-00 00:00:00","0000-00-00 00:00:00");
INSERT INTO atm_card_detail VALUES("695","MD_1695","2050695","","","0000-00-00 00:00:00","0000-00-00 00:00:00","0000-00-00 00:00:00");
INSERT INTO atm_card_detail VALUES("696","MD_1696","2050696","","","0000-00-00 00:00:00","0000-00-00 00:00:00","0000-00-00 00:00:00");
INSERT INTO atm_card_detail VALUES("697","MD_1697","2050697","","","0000-00-00 00:00:00","0000-00-00 00:00:00","0000-00-00 00:00:00");
INSERT INTO atm_card_detail VALUES("698","MD_1698","2050698","","","0000-00-00 00:00:00","0000-00-00 00:00:00","0000-00-00 00:00:00");
INSERT INTO atm_card_detail VALUES("699","MD_1699","2050699","","","0000-00-00 00:00:00","0000-00-00 00:00:00","0000-00-00 00:00:00");
INSERT INTO atm_card_detail VALUES("700","MD_1700","2050700","","","0000-00-00 00:00:00","0000-00-00 00:00:00","0000-00-00 00:00:00");
INSERT INTO atm_card_detail VALUES("701","MD_1701","2050701","","","0000-00-00 00:00:00","0000-00-00 00:00:00","0000-00-00 00:00:00");
INSERT INTO atm_card_detail VALUES("702","MD_1702","2050702","","","0000-00-00 00:00:00","0000-00-00 00:00:00","0000-00-00 00:00:00");
INSERT INTO atm_card_detail VALUES("703","MD_1703","2050703","","","0000-00-00 00:00:00","0000-00-00 00:00:00","0000-00-00 00:00:00");
INSERT INTO atm_card_detail VALUES("704","MD_1704","2050704","","","0000-00-00 00:00:00","0000-00-00 00:00:00","0000-00-00 00:00:00");
INSERT INTO atm_card_detail VALUES("705","MD_1705","2050705","","","0000-00-00 00:00:00","0000-00-00 00:00:00","0000-00-00 00:00:00");
INSERT INTO atm_card_detail VALUES("706","MD_1706","2050706","","","0000-00-00 00:00:00","0000-00-00 00:00:00","0000-00-00 00:00:00");
INSERT INTO atm_card_detail VALUES("707","MD_1707","2050707","","","0000-00-00 00:00:00","0000-00-00 00:00:00","0000-00-00 00:00:00");
INSERT INTO atm_card_detail VALUES("708","MD_1708","2050708","","","0000-00-00 00:00:00","0000-00-00 00:00:00","0000-00-00 00:00:00");
INSERT INTO atm_card_detail VALUES("709","MD_1709","2050709","","","0000-00-00 00:00:00","0000-00-00 00:00:00","0000-00-00 00:00:00");
INSERT INTO atm_card_detail VALUES("710","MD_1710","2050710","","","0000-00-00 00:00:00","0000-00-00 00:00:00","0000-00-00 00:00:00");
INSERT INTO atm_card_detail VALUES("711","MD_1711","2050711","","","0000-00-00 00:00:00","0000-00-00 00:00:00","0000-00-00 00:00:00");
INSERT INTO atm_card_detail VALUES("712","MD_1712","2050712","","","0000-00-00 00:00:00","0000-00-00 00:00:00","0000-00-00 00:00:00");
INSERT INTO atm_card_detail VALUES("713","MD_1713","2050713","","","0000-00-00 00:00:00","0000-00-00 00:00:00","0000-00-00 00:00:00");
INSERT INTO atm_card_detail VALUES("714","MD_1714","2050714","","","0000-00-00 00:00:00","0000-00-00 00:00:00","0000-00-00 00:00:00");
INSERT INTO atm_card_detail VALUES("715","MD_1715","2050715","","","0000-00-00 00:00:00","0000-00-00 00:00:00","0000-00-00 00:00:00");
INSERT INTO atm_card_detail VALUES("716","MD_1716","2050716","","","0000-00-00 00:00:00","0000-00-00 00:00:00","0000-00-00 00:00:00");
INSERT INTO atm_card_detail VALUES("717","MD_1717","2050717","","","0000-00-00 00:00:00","0000-00-00 00:00:00","0000-00-00 00:00:00");
INSERT INTO atm_card_detail VALUES("718","MD_1718","2050718","","","0000-00-00 00:00:00","0000-00-00 00:00:00","0000-00-00 00:00:00");
INSERT INTO atm_card_detail VALUES("719","MD_1719","2050719","","","0000-00-00 00:00:00","0000-00-00 00:00:00","0000-00-00 00:00:00");
INSERT INTO atm_card_detail VALUES("720","MD_1720","2050720","","","0000-00-00 00:00:00","0000-00-00 00:00:00","0000-00-00 00:00:00");
INSERT INTO atm_card_detail VALUES("721","MD_1721","2050721","","","0000-00-00 00:00:00","0000-00-00 00:00:00","0000-00-00 00:00:00");
INSERT INTO atm_card_detail VALUES("722","MD_1722","2050722","","","0000-00-00 00:00:00","0000-00-00 00:00:00","0000-00-00 00:00:00");
INSERT INTO atm_card_detail VALUES("723","MD_1723","2050723","","","0000-00-00 00:00:00","0000-00-00 00:00:00","0000-00-00 00:00:00");
INSERT INTO atm_card_detail VALUES("724","MD_1724","2050724","","","0000-00-00 00:00:00","0000-00-00 00:00:00","0000-00-00 00:00:00");
INSERT INTO atm_card_detail VALUES("725","MD_1725","2050725","","","0000-00-00 00:00:00","0000-00-00 00:00:00","0000-00-00 00:00:00");
INSERT INTO atm_card_detail VALUES("726","MD_1726","2050726","","","0000-00-00 00:00:00","0000-00-00 00:00:00","0000-00-00 00:00:00");
INSERT INTO atm_card_detail VALUES("727","MD_1727","2050727","","","0000-00-00 00:00:00","0000-00-00 00:00:00","0000-00-00 00:00:00");
INSERT INTO atm_card_detail VALUES("728","MD_1728","2050728","","","0000-00-00 00:00:00","0000-00-00 00:00:00","0000-00-00 00:00:00");
INSERT INTO atm_card_detail VALUES("729","MD_1729","2050729","","","0000-00-00 00:00:00","0000-00-00 00:00:00","0000-00-00 00:00:00");
INSERT INTO atm_card_detail VALUES("730","MD_1730","2050730","","","0000-00-00 00:00:00","0000-00-00 00:00:00","0000-00-00 00:00:00");
INSERT INTO atm_card_detail VALUES("731","MD_1731","2050731","","","0000-00-00 00:00:00","0000-00-00 00:00:00","0000-00-00 00:00:00");
INSERT INTO atm_card_detail VALUES("732","MD_1732","2050732","","","0000-00-00 00:00:00","0000-00-00 00:00:00","0000-00-00 00:00:00");
INSERT INTO atm_card_detail VALUES("733","MD_1733","2050733","","","0000-00-00 00:00:00","0000-00-00 00:00:00","0000-00-00 00:00:00");
INSERT INTO atm_card_detail VALUES("734","MD_1734","2050734","","","0000-00-00 00:00:00","0000-00-00 00:00:00","0000-00-00 00:00:00");
INSERT INTO atm_card_detail VALUES("735","MD_1735","2050735","","","0000-00-00 00:00:00","0000-00-00 00:00:00","0000-00-00 00:00:00");
INSERT INTO atm_card_detail VALUES("736","MD_1736","2050736","","","0000-00-00 00:00:00","0000-00-00 00:00:00","0000-00-00 00:00:00");
INSERT INTO atm_card_detail VALUES("737","MD_1737","2050737","","","0000-00-00 00:00:00","0000-00-00 00:00:00","0000-00-00 00:00:00");
INSERT INTO atm_card_detail VALUES("738","MD_1738","2050738","","","0000-00-00 00:00:00","0000-00-00 00:00:00","0000-00-00 00:00:00");
INSERT INTO atm_card_detail VALUES("739","MD_1739","2050739","","","0000-00-00 00:00:00","0000-00-00 00:00:00","0000-00-00 00:00:00");
INSERT INTO atm_card_detail VALUES("740","MD_1740","2050740","","","0000-00-00 00:00:00","0000-00-00 00:00:00","0000-00-00 00:00:00");
INSERT INTO atm_card_detail VALUES("741","MD_1741","2050741","","","0000-00-00 00:00:00","0000-00-00 00:00:00","0000-00-00 00:00:00");
INSERT INTO atm_card_detail VALUES("742","MD_1742","2050742","","","0000-00-00 00:00:00","0000-00-00 00:00:00","0000-00-00 00:00:00");
INSERT INTO atm_card_detail VALUES("743","MD_1743","2050743","","","0000-00-00 00:00:00","0000-00-00 00:00:00","0000-00-00 00:00:00");
INSERT INTO atm_card_detail VALUES("744","MD_1744","2050744","","","0000-00-00 00:00:00","0000-00-00 00:00:00","0000-00-00 00:00:00");
INSERT INTO atm_card_detail VALUES("745","MD_1745","2050745","","","0000-00-00 00:00:00","0000-00-00 00:00:00","0000-00-00 00:00:00");
INSERT INTO atm_card_detail VALUES("746","MD_1746","2050746","","","0000-00-00 00:00:00","0000-00-00 00:00:00","0000-00-00 00:00:00");
INSERT INTO atm_card_detail VALUES("747","MD_1747","2050747","","","0000-00-00 00:00:00","0000-00-00 00:00:00","0000-00-00 00:00:00");
INSERT INTO atm_card_detail VALUES("748","MD_1748","2050748","","","0000-00-00 00:00:00","0000-00-00 00:00:00","0000-00-00 00:00:00");
INSERT INTO atm_card_detail VALUES("749","MD_1749","2050749","","","0000-00-00 00:00:00","0000-00-00 00:00:00","0000-00-00 00:00:00");
INSERT INTO atm_card_detail VALUES("750","MD_1750","2050750","","","0000-00-00 00:00:00","0000-00-00 00:00:00","0000-00-00 00:00:00");
INSERT INTO atm_card_detail VALUES("751","MD_1751","2050751","","","0000-00-00 00:00:00","0000-00-00 00:00:00","0000-00-00 00:00:00");
INSERT INTO atm_card_detail VALUES("752","MD_1752","2050752","","","0000-00-00 00:00:00","0000-00-00 00:00:00","0000-00-00 00:00:00");
INSERT INTO atm_card_detail VALUES("753","MD_1753","2050753","","","0000-00-00 00:00:00","0000-00-00 00:00:00","0000-00-00 00:00:00");
INSERT INTO atm_card_detail VALUES("754","MD_1754","2050754","","","0000-00-00 00:00:00","0000-00-00 00:00:00","0000-00-00 00:00:00");
INSERT INTO atm_card_detail VALUES("755","MD_1755","2050755","","","0000-00-00 00:00:00","0000-00-00 00:00:00","0000-00-00 00:00:00");
INSERT INTO atm_card_detail VALUES("756","MD_1756","2050756","","","0000-00-00 00:00:00","0000-00-00 00:00:00","0000-00-00 00:00:00");
INSERT INTO atm_card_detail VALUES("757","MD_1757","2050757","","","0000-00-00 00:00:00","0000-00-00 00:00:00","0000-00-00 00:00:00");
INSERT INTO atm_card_detail VALUES("758","MD_1758","2050758","","","0000-00-00 00:00:00","0000-00-00 00:00:00","0000-00-00 00:00:00");
INSERT INTO atm_card_detail VALUES("759","MD_1759","2050759","","","0000-00-00 00:00:00","0000-00-00 00:00:00","0000-00-00 00:00:00");
INSERT INTO atm_card_detail VALUES("760","MD_1760","2050760","","","0000-00-00 00:00:00","0000-00-00 00:00:00","0000-00-00 00:00:00");
INSERT INTO atm_card_detail VALUES("761","MD_1761","2050761","","","0000-00-00 00:00:00","0000-00-00 00:00:00","0000-00-00 00:00:00");
INSERT INTO atm_card_detail VALUES("762","MD_1762","2050762","","","0000-00-00 00:00:00","0000-00-00 00:00:00","0000-00-00 00:00:00");
INSERT INTO atm_card_detail VALUES("763","MD_1763","2050763","","","0000-00-00 00:00:00","0000-00-00 00:00:00","0000-00-00 00:00:00");
INSERT INTO atm_card_detail VALUES("764","MD_1764","2050764","","","0000-00-00 00:00:00","0000-00-00 00:00:00","0000-00-00 00:00:00");
INSERT INTO atm_card_detail VALUES("765","MD_1765","2050765","","","0000-00-00 00:00:00","0000-00-00 00:00:00","0000-00-00 00:00:00");
INSERT INTO atm_card_detail VALUES("766","MD_1766","2050766","","","0000-00-00 00:00:00","0000-00-00 00:00:00","0000-00-00 00:00:00");
INSERT INTO atm_card_detail VALUES("767","MD_1767","2050767","","","0000-00-00 00:00:00","0000-00-00 00:00:00","0000-00-00 00:00:00");
INSERT INTO atm_card_detail VALUES("768","MD_1768","2050768","","","0000-00-00 00:00:00","0000-00-00 00:00:00","0000-00-00 00:00:00");
INSERT INTO atm_card_detail VALUES("769","MD_1769","2050769","","","0000-00-00 00:00:00","0000-00-00 00:00:00","0000-00-00 00:00:00");
INSERT INTO atm_card_detail VALUES("770","MD_1770","2050770","","","0000-00-00 00:00:00","0000-00-00 00:00:00","0000-00-00 00:00:00");
INSERT INTO atm_card_detail VALUES("771","MD_1771","2050771","","","0000-00-00 00:00:00","0000-00-00 00:00:00","0000-00-00 00:00:00");
INSERT INTO atm_card_detail VALUES("772","MD_1772","2050772","","","0000-00-00 00:00:00","0000-00-00 00:00:00","0000-00-00 00:00:00");
INSERT INTO atm_card_detail VALUES("773","MD_1773","2050773","","","0000-00-00 00:00:00","0000-00-00 00:00:00","0000-00-00 00:00:00");
INSERT INTO atm_card_detail VALUES("774","MD_1774","2050774","","","0000-00-00 00:00:00","0000-00-00 00:00:00","0000-00-00 00:00:00");
INSERT INTO atm_card_detail VALUES("775","MD_1775","2050775","","","0000-00-00 00:00:00","0000-00-00 00:00:00","0000-00-00 00:00:00");
INSERT INTO atm_card_detail VALUES("776","MD_1776","2050776","","","0000-00-00 00:00:00","0000-00-00 00:00:00","0000-00-00 00:00:00");
INSERT INTO atm_card_detail VALUES("777","MD_1777","2050777","","","0000-00-00 00:00:00","0000-00-00 00:00:00","0000-00-00 00:00:00");
INSERT INTO atm_card_detail VALUES("778","MD_1778","2050778","","","0000-00-00 00:00:00","0000-00-00 00:00:00","0000-00-00 00:00:00");
INSERT INTO atm_card_detail VALUES("779","MD_1779","2050779","","","0000-00-00 00:00:00","0000-00-00 00:00:00","0000-00-00 00:00:00");
INSERT INTO atm_card_detail VALUES("780","MD_1780","2050780","","","0000-00-00 00:00:00","0000-00-00 00:00:00","0000-00-00 00:00:00");
INSERT INTO atm_card_detail VALUES("781","MD_1781","2050781","","","0000-00-00 00:00:00","0000-00-00 00:00:00","0000-00-00 00:00:00");
INSERT INTO atm_card_detail VALUES("782","MD_1782","2050782","","","0000-00-00 00:00:00","0000-00-00 00:00:00","0000-00-00 00:00:00");
INSERT INTO atm_card_detail VALUES("783","MD_1783","2050783","","","0000-00-00 00:00:00","0000-00-00 00:00:00","0000-00-00 00:00:00");
INSERT INTO atm_card_detail VALUES("784","MD_1784","2050784","","","0000-00-00 00:00:00","0000-00-00 00:00:00","0000-00-00 00:00:00");
INSERT INTO atm_card_detail VALUES("785","MD_1785","2050785","","","0000-00-00 00:00:00","0000-00-00 00:00:00","0000-00-00 00:00:00");
INSERT INTO atm_card_detail VALUES("786","MD_1786","2050786","","","0000-00-00 00:00:00","0000-00-00 00:00:00","0000-00-00 00:00:00");
INSERT INTO atm_card_detail VALUES("787","MD_1787","2050787","","","0000-00-00 00:00:00","0000-00-00 00:00:00","0000-00-00 00:00:00");
INSERT INTO atm_card_detail VALUES("788","MD_1788","2050788","","","0000-00-00 00:00:00","0000-00-00 00:00:00","0000-00-00 00:00:00");
INSERT INTO atm_card_detail VALUES("789","MD_1789","2050789","","","0000-00-00 00:00:00","0000-00-00 00:00:00","0000-00-00 00:00:00");
INSERT INTO atm_card_detail VALUES("790","MD_1790","2050790","","","0000-00-00 00:00:00","0000-00-00 00:00:00","0000-00-00 00:00:00");
INSERT INTO atm_card_detail VALUES("791","MD_1791","2050791","","","0000-00-00 00:00:00","0000-00-00 00:00:00","0000-00-00 00:00:00");
INSERT INTO atm_card_detail VALUES("792","MD_1792","2050792","","","0000-00-00 00:00:00","0000-00-00 00:00:00","0000-00-00 00:00:00");
INSERT INTO atm_card_detail VALUES("793","MD_1793","2050793","","","0000-00-00 00:00:00","0000-00-00 00:00:00","0000-00-00 00:00:00");
INSERT INTO atm_card_detail VALUES("794","MD_1794","2050794","","","0000-00-00 00:00:00","0000-00-00 00:00:00","0000-00-00 00:00:00");
INSERT INTO atm_card_detail VALUES("795","MD_1795","2050795","","","0000-00-00 00:00:00","0000-00-00 00:00:00","0000-00-00 00:00:00");
INSERT INTO atm_card_detail VALUES("796","MD_1796","2050796","","","0000-00-00 00:00:00","0000-00-00 00:00:00","0000-00-00 00:00:00");
INSERT INTO atm_card_detail VALUES("797","MD_1797","2050797","","","0000-00-00 00:00:00","0000-00-00 00:00:00","0000-00-00 00:00:00");
INSERT INTO atm_card_detail VALUES("798","MD_1798","2050798","","","0000-00-00 00:00:00","0000-00-00 00:00:00","0000-00-00 00:00:00");
INSERT INTO atm_card_detail VALUES("799","MD_1799","2050799","","","0000-00-00 00:00:00","0000-00-00 00:00:00","0000-00-00 00:00:00");
INSERT INTO atm_card_detail VALUES("800","MD_1800","2050800","","","0000-00-00 00:00:00","0000-00-00 00:00:00","0000-00-00 00:00:00");
INSERT INTO atm_card_detail VALUES("801","MD_1801","2050801","","","0000-00-00 00:00:00","0000-00-00 00:00:00","0000-00-00 00:00:00");
INSERT INTO atm_card_detail VALUES("802","MD_1802","2050802","","","0000-00-00 00:00:00","0000-00-00 00:00:00","0000-00-00 00:00:00");
INSERT INTO atm_card_detail VALUES("803","MD_1803","2050803","","","0000-00-00 00:00:00","0000-00-00 00:00:00","0000-00-00 00:00:00");
INSERT INTO atm_card_detail VALUES("804","MD_1804","2050804","","","0000-00-00 00:00:00","0000-00-00 00:00:00","0000-00-00 00:00:00");
INSERT INTO atm_card_detail VALUES("805","MD_1805","2050805","","","0000-00-00 00:00:00","0000-00-00 00:00:00","0000-00-00 00:00:00");
INSERT INTO atm_card_detail VALUES("806","MD_1806","2050806","","","0000-00-00 00:00:00","0000-00-00 00:00:00","0000-00-00 00:00:00");
INSERT INTO atm_card_detail VALUES("807","MD_1807","2050807","","","0000-00-00 00:00:00","0000-00-00 00:00:00","0000-00-00 00:00:00");
INSERT INTO atm_card_detail VALUES("808","MD_1808","2050808","","","0000-00-00 00:00:00","0000-00-00 00:00:00","0000-00-00 00:00:00");
INSERT INTO atm_card_detail VALUES("809","MD_1809","2050809","","","0000-00-00 00:00:00","0000-00-00 00:00:00","0000-00-00 00:00:00");
INSERT INTO atm_card_detail VALUES("810","MD_1810","2050810","","","0000-00-00 00:00:00","0000-00-00 00:00:00","0000-00-00 00:00:00");
INSERT INTO atm_card_detail VALUES("811","MD_1811","2050811","","","0000-00-00 00:00:00","0000-00-00 00:00:00","0000-00-00 00:00:00");
INSERT INTO atm_card_detail VALUES("812","MD_1812","2050812","","","0000-00-00 00:00:00","0000-00-00 00:00:00","0000-00-00 00:00:00");
INSERT INTO atm_card_detail VALUES("813","MD_1813","2050813","","","0000-00-00 00:00:00","0000-00-00 00:00:00","0000-00-00 00:00:00");
INSERT INTO atm_card_detail VALUES("814","MD_1814","2050814","","","0000-00-00 00:00:00","0000-00-00 00:00:00","0000-00-00 00:00:00");
INSERT INTO atm_card_detail VALUES("815","MD_1815","2050815","","","0000-00-00 00:00:00","0000-00-00 00:00:00","0000-00-00 00:00:00");
INSERT INTO atm_card_detail VALUES("816","MD_1816","2050816","","","0000-00-00 00:00:00","0000-00-00 00:00:00","0000-00-00 00:00:00");
INSERT INTO atm_card_detail VALUES("817","MD_1817","2050817","","","0000-00-00 00:00:00","0000-00-00 00:00:00","0000-00-00 00:00:00");
INSERT INTO atm_card_detail VALUES("818","MD_1818","2050818","","","0000-00-00 00:00:00","0000-00-00 00:00:00","0000-00-00 00:00:00");
INSERT INTO atm_card_detail VALUES("819","MD_1819","2050819","","","0000-00-00 00:00:00","0000-00-00 00:00:00","0000-00-00 00:00:00");
INSERT INTO atm_card_detail VALUES("820","MD_1820","2050820","","","0000-00-00 00:00:00","0000-00-00 00:00:00","0000-00-00 00:00:00");
INSERT INTO atm_card_detail VALUES("821","MD_1821","2050821","","","0000-00-00 00:00:00","0000-00-00 00:00:00","0000-00-00 00:00:00");
INSERT INTO atm_card_detail VALUES("822","MD_1822","2050822","","","0000-00-00 00:00:00","0000-00-00 00:00:00","0000-00-00 00:00:00");
INSERT INTO atm_card_detail VALUES("823","MD_1823","2050823","","","0000-00-00 00:00:00","0000-00-00 00:00:00","0000-00-00 00:00:00");
INSERT INTO atm_card_detail VALUES("824","MD_1824","2050824","","","0000-00-00 00:00:00","0000-00-00 00:00:00","0000-00-00 00:00:00");
INSERT INTO atm_card_detail VALUES("825","MD_1825","2050825","","","0000-00-00 00:00:00","0000-00-00 00:00:00","0000-00-00 00:00:00");
INSERT INTO atm_card_detail VALUES("826","MD_1826","2050826","","","0000-00-00 00:00:00","0000-00-00 00:00:00","0000-00-00 00:00:00");
INSERT INTO atm_card_detail VALUES("827","MD_1827","2050827","","","0000-00-00 00:00:00","0000-00-00 00:00:00","0000-00-00 00:00:00");
INSERT INTO atm_card_detail VALUES("828","MD_1828","2050828","","","0000-00-00 00:00:00","0000-00-00 00:00:00","0000-00-00 00:00:00");
INSERT INTO atm_card_detail VALUES("829","MD_1829","2050829","","","0000-00-00 00:00:00","0000-00-00 00:00:00","0000-00-00 00:00:00");
INSERT INTO atm_card_detail VALUES("830","MD_1830","2050830","","","0000-00-00 00:00:00","0000-00-00 00:00:00","0000-00-00 00:00:00");
INSERT INTO atm_card_detail VALUES("831","MD_1831","2050831","","","0000-00-00 00:00:00","0000-00-00 00:00:00","0000-00-00 00:00:00");
INSERT INTO atm_card_detail VALUES("832","MD_1832","2050832","","","0000-00-00 00:00:00","0000-00-00 00:00:00","0000-00-00 00:00:00");
INSERT INTO atm_card_detail VALUES("833","MD_1833","2050833","","","0000-00-00 00:00:00","0000-00-00 00:00:00","0000-00-00 00:00:00");
INSERT INTO atm_card_detail VALUES("834","MD_1834","2050834","","","0000-00-00 00:00:00","0000-00-00 00:00:00","0000-00-00 00:00:00");
INSERT INTO atm_card_detail VALUES("835","MD_1835","2050835","","","0000-00-00 00:00:00","0000-00-00 00:00:00","0000-00-00 00:00:00");
INSERT INTO atm_card_detail VALUES("836","MD_1836","2050836","","","0000-00-00 00:00:00","0000-00-00 00:00:00","0000-00-00 00:00:00");
INSERT INTO atm_card_detail VALUES("837","MD_1837","2050837","","","0000-00-00 00:00:00","0000-00-00 00:00:00","0000-00-00 00:00:00");
INSERT INTO atm_card_detail VALUES("838","MD_1838","2050838","","","0000-00-00 00:00:00","0000-00-00 00:00:00","0000-00-00 00:00:00");
INSERT INTO atm_card_detail VALUES("839","MD_1839","2050839","","","0000-00-00 00:00:00","0000-00-00 00:00:00","0000-00-00 00:00:00");
INSERT INTO atm_card_detail VALUES("840","MD_1840","2050840","","","0000-00-00 00:00:00","0000-00-00 00:00:00","0000-00-00 00:00:00");
INSERT INTO atm_card_detail VALUES("841","MD_1841","2050841","","","0000-00-00 00:00:00","0000-00-00 00:00:00","0000-00-00 00:00:00");
INSERT INTO atm_card_detail VALUES("842","MD_1842","2050842","","","0000-00-00 00:00:00","0000-00-00 00:00:00","0000-00-00 00:00:00");
INSERT INTO atm_card_detail VALUES("843","MD_1843","2050843","","","0000-00-00 00:00:00","0000-00-00 00:00:00","0000-00-00 00:00:00");
INSERT INTO atm_card_detail VALUES("844","MD_1844","2050844","","","0000-00-00 00:00:00","0000-00-00 00:00:00","0000-00-00 00:00:00");
INSERT INTO atm_card_detail VALUES("845","MD_1845","2050845","","","0000-00-00 00:00:00","0000-00-00 00:00:00","0000-00-00 00:00:00");
INSERT INTO atm_card_detail VALUES("846","MD_1846","2050846","","","0000-00-00 00:00:00","0000-00-00 00:00:00","0000-00-00 00:00:00");
INSERT INTO atm_card_detail VALUES("847","MD_1847","2050847","","","0000-00-00 00:00:00","0000-00-00 00:00:00","0000-00-00 00:00:00");
INSERT INTO atm_card_detail VALUES("848","MD_1848","2050848","","","0000-00-00 00:00:00","0000-00-00 00:00:00","0000-00-00 00:00:00");
INSERT INTO atm_card_detail VALUES("849","MD_1849","2050849","","","0000-00-00 00:00:00","0000-00-00 00:00:00","0000-00-00 00:00:00");
INSERT INTO atm_card_detail VALUES("850","MD_1850","2050850","","","0000-00-00 00:00:00","0000-00-00 00:00:00","0000-00-00 00:00:00");
INSERT INTO atm_card_detail VALUES("851","MD_1851","2050851","","","0000-00-00 00:00:00","0000-00-00 00:00:00","0000-00-00 00:00:00");
INSERT INTO atm_card_detail VALUES("852","MD_1852","2050852","","","0000-00-00 00:00:00","0000-00-00 00:00:00","0000-00-00 00:00:00");
INSERT INTO atm_card_detail VALUES("853","MD_1853","2050853","","","0000-00-00 00:00:00","0000-00-00 00:00:00","0000-00-00 00:00:00");
INSERT INTO atm_card_detail VALUES("854","MD_1854","2050854","","","0000-00-00 00:00:00","0000-00-00 00:00:00","0000-00-00 00:00:00");
INSERT INTO atm_card_detail VALUES("855","MD_1855","2050855","","","0000-00-00 00:00:00","0000-00-00 00:00:00","0000-00-00 00:00:00");
INSERT INTO atm_card_detail VALUES("856","MD_1856","2050856","","","0000-00-00 00:00:00","0000-00-00 00:00:00","0000-00-00 00:00:00");
INSERT INTO atm_card_detail VALUES("857","MD_1857","2050857","","","0000-00-00 00:00:00","0000-00-00 00:00:00","0000-00-00 00:00:00");
INSERT INTO atm_card_detail VALUES("858","MD_1858","2050858","","","0000-00-00 00:00:00","0000-00-00 00:00:00","0000-00-00 00:00:00");
INSERT INTO atm_card_detail VALUES("859","MD_1859","2050859","","","0000-00-00 00:00:00","0000-00-00 00:00:00","0000-00-00 00:00:00");
INSERT INTO atm_card_detail VALUES("860","MD_1860","2050860","","","0000-00-00 00:00:00","0000-00-00 00:00:00","0000-00-00 00:00:00");
INSERT INTO atm_card_detail VALUES("861","MD_1861","2050861","","","0000-00-00 00:00:00","0000-00-00 00:00:00","0000-00-00 00:00:00");
INSERT INTO atm_card_detail VALUES("862","MD_1862","2050862","","","0000-00-00 00:00:00","0000-00-00 00:00:00","0000-00-00 00:00:00");
INSERT INTO atm_card_detail VALUES("863","MD_1863","2050863","","","0000-00-00 00:00:00","0000-00-00 00:00:00","0000-00-00 00:00:00");
INSERT INTO atm_card_detail VALUES("864","MD_1864","2050864","","","0000-00-00 00:00:00","0000-00-00 00:00:00","0000-00-00 00:00:00");
INSERT INTO atm_card_detail VALUES("865","MD_1865","2050865","","","0000-00-00 00:00:00","0000-00-00 00:00:00","0000-00-00 00:00:00");
INSERT INTO atm_card_detail VALUES("866","MD_1866","2050866","","","0000-00-00 00:00:00","0000-00-00 00:00:00","0000-00-00 00:00:00");
INSERT INTO atm_card_detail VALUES("867","MD_1867","2050867","","","0000-00-00 00:00:00","0000-00-00 00:00:00","0000-00-00 00:00:00");
INSERT INTO atm_card_detail VALUES("868","MD_1868","2050868","","","0000-00-00 00:00:00","0000-00-00 00:00:00","0000-00-00 00:00:00");
INSERT INTO atm_card_detail VALUES("869","MD_1869","2050869","","","0000-00-00 00:00:00","0000-00-00 00:00:00","0000-00-00 00:00:00");
INSERT INTO atm_card_detail VALUES("870","MD_1870","2050870","","","0000-00-00 00:00:00","0000-00-00 00:00:00","0000-00-00 00:00:00");
INSERT INTO atm_card_detail VALUES("871","MD_1871","2050871","","","0000-00-00 00:00:00","0000-00-00 00:00:00","0000-00-00 00:00:00");
INSERT INTO atm_card_detail VALUES("872","MD_1872","2050872","","","0000-00-00 00:00:00","0000-00-00 00:00:00","0000-00-00 00:00:00");
INSERT INTO atm_card_detail VALUES("873","MD_1873","2050873","","","0000-00-00 00:00:00","0000-00-00 00:00:00","0000-00-00 00:00:00");
INSERT INTO atm_card_detail VALUES("874","MD_1874","2050874","","","0000-00-00 00:00:00","0000-00-00 00:00:00","0000-00-00 00:00:00");
INSERT INTO atm_card_detail VALUES("875","MD_1875","2050875","","","0000-00-00 00:00:00","0000-00-00 00:00:00","0000-00-00 00:00:00");
INSERT INTO atm_card_detail VALUES("876","MD_1876","2050876","","","0000-00-00 00:00:00","0000-00-00 00:00:00","0000-00-00 00:00:00");
INSERT INTO atm_card_detail VALUES("877","MD_1877","2050877","","","0000-00-00 00:00:00","0000-00-00 00:00:00","0000-00-00 00:00:00");
INSERT INTO atm_card_detail VALUES("878","MD_1878","2050878","","","0000-00-00 00:00:00","0000-00-00 00:00:00","0000-00-00 00:00:00");
INSERT INTO atm_card_detail VALUES("879","MD_1879","2050879","","","0000-00-00 00:00:00","0000-00-00 00:00:00","0000-00-00 00:00:00");
INSERT INTO atm_card_detail VALUES("880","MD_1880","2050880","","","0000-00-00 00:00:00","0000-00-00 00:00:00","0000-00-00 00:00:00");
INSERT INTO atm_card_detail VALUES("881","MD_1881","2050881","","","0000-00-00 00:00:00","0000-00-00 00:00:00","0000-00-00 00:00:00");
INSERT INTO atm_card_detail VALUES("882","MD_1882","2050882","","","0000-00-00 00:00:00","0000-00-00 00:00:00","0000-00-00 00:00:00");
INSERT INTO atm_card_detail VALUES("883","MD_1883","2050883","","","0000-00-00 00:00:00","0000-00-00 00:00:00","0000-00-00 00:00:00");
INSERT INTO atm_card_detail VALUES("884","MD_1884","2050884","","","0000-00-00 00:00:00","0000-00-00 00:00:00","0000-00-00 00:00:00");
INSERT INTO atm_card_detail VALUES("885","MD_1885","2050885","","","0000-00-00 00:00:00","0000-00-00 00:00:00","0000-00-00 00:00:00");
INSERT INTO atm_card_detail VALUES("886","MD_1886","2050886","","","0000-00-00 00:00:00","0000-00-00 00:00:00","0000-00-00 00:00:00");
INSERT INTO atm_card_detail VALUES("887","MD_1887","2050887","","","0000-00-00 00:00:00","0000-00-00 00:00:00","0000-00-00 00:00:00");
INSERT INTO atm_card_detail VALUES("888","MD_1888","2050888","","","0000-00-00 00:00:00","0000-00-00 00:00:00","0000-00-00 00:00:00");
INSERT INTO atm_card_detail VALUES("889","MD_1889","2050889","","","0000-00-00 00:00:00","0000-00-00 00:00:00","0000-00-00 00:00:00");
INSERT INTO atm_card_detail VALUES("890","MD_1890","2050890","","","0000-00-00 00:00:00","0000-00-00 00:00:00","0000-00-00 00:00:00");
INSERT INTO atm_card_detail VALUES("891","MD_1891","2050891","","","0000-00-00 00:00:00","0000-00-00 00:00:00","0000-00-00 00:00:00");
INSERT INTO atm_card_detail VALUES("892","MD_1892","2050892","","","0000-00-00 00:00:00","0000-00-00 00:00:00","0000-00-00 00:00:00");
INSERT INTO atm_card_detail VALUES("893","MD_1893","2050893","","","0000-00-00 00:00:00","0000-00-00 00:00:00","0000-00-00 00:00:00");
INSERT INTO atm_card_detail VALUES("894","MD_1894","2050894","","","0000-00-00 00:00:00","0000-00-00 00:00:00","0000-00-00 00:00:00");
INSERT INTO atm_card_detail VALUES("895","MD_1895","2050895","","","0000-00-00 00:00:00","0000-00-00 00:00:00","0000-00-00 00:00:00");
INSERT INTO atm_card_detail VALUES("896","MD_1896","2050896","","","0000-00-00 00:00:00","0000-00-00 00:00:00","0000-00-00 00:00:00");
INSERT INTO atm_card_detail VALUES("897","MD_1897","2050897","","","0000-00-00 00:00:00","0000-00-00 00:00:00","0000-00-00 00:00:00");
INSERT INTO atm_card_detail VALUES("898","MD_1898","2050898","","","0000-00-00 00:00:00","0000-00-00 00:00:00","0000-00-00 00:00:00");
INSERT INTO atm_card_detail VALUES("899","MD_1899","2050899","","","0000-00-00 00:00:00","0000-00-00 00:00:00","0000-00-00 00:00:00");
INSERT INTO atm_card_detail VALUES("900","MD_1900","2050900","","","0000-00-00 00:00:00","0000-00-00 00:00:00","0000-00-00 00:00:00");
INSERT INTO atm_card_detail VALUES("901","MD_1901","2050901","","","0000-00-00 00:00:00","0000-00-00 00:00:00","0000-00-00 00:00:00");
INSERT INTO atm_card_detail VALUES("902","MD_1902","2050902","","","0000-00-00 00:00:00","0000-00-00 00:00:00","0000-00-00 00:00:00");
INSERT INTO atm_card_detail VALUES("903","MD_1903","2050903","","","0000-00-00 00:00:00","0000-00-00 00:00:00","0000-00-00 00:00:00");
INSERT INTO atm_card_detail VALUES("904","MD_1904","2050904","","","0000-00-00 00:00:00","0000-00-00 00:00:00","0000-00-00 00:00:00");
INSERT INTO atm_card_detail VALUES("905","MD_1905","2050905","","","0000-00-00 00:00:00","0000-00-00 00:00:00","0000-00-00 00:00:00");
INSERT INTO atm_card_detail VALUES("906","MD_1906","2050906","","","0000-00-00 00:00:00","0000-00-00 00:00:00","0000-00-00 00:00:00");
INSERT INTO atm_card_detail VALUES("907","MD_1907","2050907","","","0000-00-00 00:00:00","0000-00-00 00:00:00","0000-00-00 00:00:00");
INSERT INTO atm_card_detail VALUES("908","MD_1908","2050908","","","0000-00-00 00:00:00","0000-00-00 00:00:00","0000-00-00 00:00:00");
INSERT INTO atm_card_detail VALUES("909","MD_1909","2050909","","","0000-00-00 00:00:00","0000-00-00 00:00:00","0000-00-00 00:00:00");
INSERT INTO atm_card_detail VALUES("910","MD_1910","2050910","","","0000-00-00 00:00:00","0000-00-00 00:00:00","0000-00-00 00:00:00");
INSERT INTO atm_card_detail VALUES("911","MD_1911","2050911","","","0000-00-00 00:00:00","0000-00-00 00:00:00","0000-00-00 00:00:00");
INSERT INTO atm_card_detail VALUES("912","MD_1912","2050912","","","0000-00-00 00:00:00","0000-00-00 00:00:00","0000-00-00 00:00:00");
INSERT INTO atm_card_detail VALUES("913","MD_1913","2050913","","","0000-00-00 00:00:00","0000-00-00 00:00:00","0000-00-00 00:00:00");
INSERT INTO atm_card_detail VALUES("914","MD_1914","2050914","","","0000-00-00 00:00:00","0000-00-00 00:00:00","0000-00-00 00:00:00");
INSERT INTO atm_card_detail VALUES("915","MD_1915","2050915","","","0000-00-00 00:00:00","0000-00-00 00:00:00","0000-00-00 00:00:00");
INSERT INTO atm_card_detail VALUES("916","MD_1916","2050916","","","0000-00-00 00:00:00","0000-00-00 00:00:00","0000-00-00 00:00:00");
INSERT INTO atm_card_detail VALUES("917","MD_1917","2050917","","","0000-00-00 00:00:00","0000-00-00 00:00:00","0000-00-00 00:00:00");
INSERT INTO atm_card_detail VALUES("918","MD_1918","2050918","","","0000-00-00 00:00:00","0000-00-00 00:00:00","0000-00-00 00:00:00");
INSERT INTO atm_card_detail VALUES("919","MD_1919","2050919","","","0000-00-00 00:00:00","0000-00-00 00:00:00","0000-00-00 00:00:00");
INSERT INTO atm_card_detail VALUES("920","MD_1920","2050920","","","0000-00-00 00:00:00","0000-00-00 00:00:00","0000-00-00 00:00:00");
INSERT INTO atm_card_detail VALUES("921","MD_1921","2050921","","","0000-00-00 00:00:00","0000-00-00 00:00:00","0000-00-00 00:00:00");
INSERT INTO atm_card_detail VALUES("922","MD_1922","2050922","","","0000-00-00 00:00:00","0000-00-00 00:00:00","0000-00-00 00:00:00");
INSERT INTO atm_card_detail VALUES("923","MD_1923","2050923","","","0000-00-00 00:00:00","0000-00-00 00:00:00","0000-00-00 00:00:00");
INSERT INTO atm_card_detail VALUES("924","MD_1924","2050924","","","0000-00-00 00:00:00","0000-00-00 00:00:00","0000-00-00 00:00:00");
INSERT INTO atm_card_detail VALUES("925","MD_1925","2050925","","","0000-00-00 00:00:00","0000-00-00 00:00:00","0000-00-00 00:00:00");
INSERT INTO atm_card_detail VALUES("926","MD_1926","2050926","","","0000-00-00 00:00:00","0000-00-00 00:00:00","0000-00-00 00:00:00");
INSERT INTO atm_card_detail VALUES("927","MD_1927","2050927","","","0000-00-00 00:00:00","0000-00-00 00:00:00","0000-00-00 00:00:00");
INSERT INTO atm_card_detail VALUES("928","MD_1928","2050928","","","0000-00-00 00:00:00","0000-00-00 00:00:00","0000-00-00 00:00:00");
INSERT INTO atm_card_detail VALUES("929","MD_1929","2050929","","","0000-00-00 00:00:00","0000-00-00 00:00:00","0000-00-00 00:00:00");
INSERT INTO atm_card_detail VALUES("930","MD_1930","2050930","","","0000-00-00 00:00:00","0000-00-00 00:00:00","0000-00-00 00:00:00");
INSERT INTO atm_card_detail VALUES("931","MD_1931","2050931","","","0000-00-00 00:00:00","0000-00-00 00:00:00","0000-00-00 00:00:00");
INSERT INTO atm_card_detail VALUES("932","MD_1932","2050932","","","0000-00-00 00:00:00","0000-00-00 00:00:00","0000-00-00 00:00:00");
INSERT INTO atm_card_detail VALUES("933","MD_1933","2050933","","","0000-00-00 00:00:00","0000-00-00 00:00:00","0000-00-00 00:00:00");
INSERT INTO atm_card_detail VALUES("934","MD_1934","2050934","","","0000-00-00 00:00:00","0000-00-00 00:00:00","0000-00-00 00:00:00");
INSERT INTO atm_card_detail VALUES("935","MD_1935","2050935","","","0000-00-00 00:00:00","0000-00-00 00:00:00","0000-00-00 00:00:00");
INSERT INTO atm_card_detail VALUES("936","MD_1936","2050936","","","0000-00-00 00:00:00","0000-00-00 00:00:00","0000-00-00 00:00:00");
INSERT INTO atm_card_detail VALUES("937","MD_1937","2050937","","","0000-00-00 00:00:00","0000-00-00 00:00:00","0000-00-00 00:00:00");
INSERT INTO atm_card_detail VALUES("938","MD_1938","2050938","","","0000-00-00 00:00:00","0000-00-00 00:00:00","0000-00-00 00:00:00");
INSERT INTO atm_card_detail VALUES("939","MD_1939","2050939","","","0000-00-00 00:00:00","0000-00-00 00:00:00","0000-00-00 00:00:00");
INSERT INTO atm_card_detail VALUES("940","MD_1940","2050940","","","0000-00-00 00:00:00","0000-00-00 00:00:00","0000-00-00 00:00:00");
INSERT INTO atm_card_detail VALUES("941","MD_1941","2050941","","","0000-00-00 00:00:00","0000-00-00 00:00:00","0000-00-00 00:00:00");
INSERT INTO atm_card_detail VALUES("942","MD_1942","2050942","","","0000-00-00 00:00:00","0000-00-00 00:00:00","0000-00-00 00:00:00");
INSERT INTO atm_card_detail VALUES("943","MD_1943","2050943","","","0000-00-00 00:00:00","0000-00-00 00:00:00","0000-00-00 00:00:00");
INSERT INTO atm_card_detail VALUES("944","MD_1944","2050944","","","0000-00-00 00:00:00","0000-00-00 00:00:00","0000-00-00 00:00:00");
INSERT INTO atm_card_detail VALUES("945","MD_1945","2050945","","","0000-00-00 00:00:00","0000-00-00 00:00:00","0000-00-00 00:00:00");
INSERT INTO atm_card_detail VALUES("946","MD_1946","2050946","","","0000-00-00 00:00:00","0000-00-00 00:00:00","0000-00-00 00:00:00");
INSERT INTO atm_card_detail VALUES("947","MD_1947","2050947","","","0000-00-00 00:00:00","0000-00-00 00:00:00","0000-00-00 00:00:00");
INSERT INTO atm_card_detail VALUES("948","MD_1948","2050948","","","0000-00-00 00:00:00","0000-00-00 00:00:00","0000-00-00 00:00:00");
INSERT INTO atm_card_detail VALUES("949","MD_1949","2050949","","","0000-00-00 00:00:00","0000-00-00 00:00:00","0000-00-00 00:00:00");
INSERT INTO atm_card_detail VALUES("950","MD_1950","2050950","","","0000-00-00 00:00:00","0000-00-00 00:00:00","0000-00-00 00:00:00");
INSERT INTO atm_card_detail VALUES("951","MD_1951","2050951","","","0000-00-00 00:00:00","0000-00-00 00:00:00","0000-00-00 00:00:00");
INSERT INTO atm_card_detail VALUES("952","MD_1952","2050952","","","0000-00-00 00:00:00","0000-00-00 00:00:00","0000-00-00 00:00:00");
INSERT INTO atm_card_detail VALUES("953","MD_1953","2050953","","","0000-00-00 00:00:00","0000-00-00 00:00:00","0000-00-00 00:00:00");
INSERT INTO atm_card_detail VALUES("954","MD_1954","2050954","","","0000-00-00 00:00:00","0000-00-00 00:00:00","0000-00-00 00:00:00");
INSERT INTO atm_card_detail VALUES("955","MD_1955","2050955","","","0000-00-00 00:00:00","0000-00-00 00:00:00","0000-00-00 00:00:00");
INSERT INTO atm_card_detail VALUES("956","MD_1956","2050956","","","0000-00-00 00:00:00","0000-00-00 00:00:00","0000-00-00 00:00:00");
INSERT INTO atm_card_detail VALUES("957","MD_1957","2050957","","","0000-00-00 00:00:00","0000-00-00 00:00:00","0000-00-00 00:00:00");
INSERT INTO atm_card_detail VALUES("958","MD_1958","2050958","","","0000-00-00 00:00:00","0000-00-00 00:00:00","0000-00-00 00:00:00");
INSERT INTO atm_card_detail VALUES("959","MD_1959","2050959","","","0000-00-00 00:00:00","0000-00-00 00:00:00","0000-00-00 00:00:00");
INSERT INTO atm_card_detail VALUES("960","MD_1960","2050960","","","0000-00-00 00:00:00","0000-00-00 00:00:00","0000-00-00 00:00:00");
INSERT INTO atm_card_detail VALUES("961","MD_1961","2050961","","","0000-00-00 00:00:00","0000-00-00 00:00:00","0000-00-00 00:00:00");
INSERT INTO atm_card_detail VALUES("962","MD_1962","2050962","","","0000-00-00 00:00:00","0000-00-00 00:00:00","0000-00-00 00:00:00");
INSERT INTO atm_card_detail VALUES("963","MD_1963","2050963","","","0000-00-00 00:00:00","0000-00-00 00:00:00","0000-00-00 00:00:00");
INSERT INTO atm_card_detail VALUES("964","MD_1964","2050964","","","0000-00-00 00:00:00","0000-00-00 00:00:00","0000-00-00 00:00:00");
INSERT INTO atm_card_detail VALUES("965","MD_1965","2050965","","","0000-00-00 00:00:00","0000-00-00 00:00:00","0000-00-00 00:00:00");
INSERT INTO atm_card_detail VALUES("966","MD_1966","2050966","","","0000-00-00 00:00:00","0000-00-00 00:00:00","0000-00-00 00:00:00");
INSERT INTO atm_card_detail VALUES("967","MD_1967","2050967","","","0000-00-00 00:00:00","0000-00-00 00:00:00","0000-00-00 00:00:00");
INSERT INTO atm_card_detail VALUES("968","MD_1968","2050968","","","0000-00-00 00:00:00","0000-00-00 00:00:00","0000-00-00 00:00:00");
INSERT INTO atm_card_detail VALUES("969","MD_1969","2050969","","","0000-00-00 00:00:00","0000-00-00 00:00:00","0000-00-00 00:00:00");
INSERT INTO atm_card_detail VALUES("970","MD_1970","2050970","","","0000-00-00 00:00:00","0000-00-00 00:00:00","0000-00-00 00:00:00");
INSERT INTO atm_card_detail VALUES("971","MD_1971","2050971","","","0000-00-00 00:00:00","0000-00-00 00:00:00","0000-00-00 00:00:00");
INSERT INTO atm_card_detail VALUES("972","MD_1972","2050972","","","0000-00-00 00:00:00","0000-00-00 00:00:00","0000-00-00 00:00:00");
INSERT INTO atm_card_detail VALUES("973","MD_1973","2050973","","","0000-00-00 00:00:00","0000-00-00 00:00:00","0000-00-00 00:00:00");
INSERT INTO atm_card_detail VALUES("974","MD_1974","2050974","","","0000-00-00 00:00:00","0000-00-00 00:00:00","0000-00-00 00:00:00");
INSERT INTO atm_card_detail VALUES("975","MD_1975","2050975","","","0000-00-00 00:00:00","0000-00-00 00:00:00","0000-00-00 00:00:00");
INSERT INTO atm_card_detail VALUES("976","MD_1976","2050976","","","0000-00-00 00:00:00","0000-00-00 00:00:00","0000-00-00 00:00:00");
INSERT INTO atm_card_detail VALUES("977","MD_1977","2050977","","","0000-00-00 00:00:00","0000-00-00 00:00:00","0000-00-00 00:00:00");
INSERT INTO atm_card_detail VALUES("978","MD_1978","2050978","","","0000-00-00 00:00:00","0000-00-00 00:00:00","0000-00-00 00:00:00");
INSERT INTO atm_card_detail VALUES("979","MD_1979","2050979","","","0000-00-00 00:00:00","0000-00-00 00:00:00","0000-00-00 00:00:00");
INSERT INTO atm_card_detail VALUES("980","MD_1980","2050980","","","0000-00-00 00:00:00","0000-00-00 00:00:00","0000-00-00 00:00:00");
INSERT INTO atm_card_detail VALUES("981","MD_1981","2050981","","","0000-00-00 00:00:00","0000-00-00 00:00:00","0000-00-00 00:00:00");
INSERT INTO atm_card_detail VALUES("982","MD_1982","2050982","","","0000-00-00 00:00:00","0000-00-00 00:00:00","0000-00-00 00:00:00");
INSERT INTO atm_card_detail VALUES("983","MD_1983","2050983","","","0000-00-00 00:00:00","0000-00-00 00:00:00","0000-00-00 00:00:00");
INSERT INTO atm_card_detail VALUES("984","MD_1984","2050984","","","0000-00-00 00:00:00","0000-00-00 00:00:00","0000-00-00 00:00:00");
INSERT INTO atm_card_detail VALUES("985","MD_1985","2050985","","","0000-00-00 00:00:00","0000-00-00 00:00:00","0000-00-00 00:00:00");
INSERT INTO atm_card_detail VALUES("986","MD_1986","2050986","","","0000-00-00 00:00:00","0000-00-00 00:00:00","0000-00-00 00:00:00");
INSERT INTO atm_card_detail VALUES("987","MD_1987","2050987","","","0000-00-00 00:00:00","0000-00-00 00:00:00","0000-00-00 00:00:00");
INSERT INTO atm_card_detail VALUES("988","MD_1988","2050988","","","0000-00-00 00:00:00","0000-00-00 00:00:00","0000-00-00 00:00:00");
INSERT INTO atm_card_detail VALUES("989","MD_1989","2050989","","","0000-00-00 00:00:00","0000-00-00 00:00:00","0000-00-00 00:00:00");
INSERT INTO atm_card_detail VALUES("990","MD_1990","2050990","","","0000-00-00 00:00:00","0000-00-00 00:00:00","0000-00-00 00:00:00");
INSERT INTO atm_card_detail VALUES("991","MD_1991","2050991","","","0000-00-00 00:00:00","0000-00-00 00:00:00","0000-00-00 00:00:00");
INSERT INTO atm_card_detail VALUES("992","MD_1992","2050992","","","0000-00-00 00:00:00","0000-00-00 00:00:00","0000-00-00 00:00:00");
INSERT INTO atm_card_detail VALUES("993","MD_1993","2050993","","","0000-00-00 00:00:00","0000-00-00 00:00:00","0000-00-00 00:00:00");
INSERT INTO atm_card_detail VALUES("994","MD_1994","2050994","","","0000-00-00 00:00:00","0000-00-00 00:00:00","0000-00-00 00:00:00");
INSERT INTO atm_card_detail VALUES("995","MD_1995","2050995","","","0000-00-00 00:00:00","0000-00-00 00:00:00","0000-00-00 00:00:00");
INSERT INTO atm_card_detail VALUES("996","MD_1996","2050996","","","0000-00-00 00:00:00","0000-00-00 00:00:00","0000-00-00 00:00:00");
INSERT INTO atm_card_detail VALUES("997","MD_1997","2050997","","","0000-00-00 00:00:00","0000-00-00 00:00:00","0000-00-00 00:00:00");
INSERT INTO atm_card_detail VALUES("998","MD_1998","2050998","","","0000-00-00 00:00:00","0000-00-00 00:00:00","0000-00-00 00:00:00");
INSERT INTO atm_card_detail VALUES("999","MD_1999","2050999","","","0000-00-00 00:00:00","0000-00-00 00:00:00","0000-00-00 00:00:00");
INSERT INTO atm_card_detail VALUES("1000","MD_2000","2051000","","","0000-00-00 00:00:00","0000-00-00 00:00:00","0000-00-00 00:00:00");



CREATE TABLE `colony_detail` (
  `colony_id` int(11) NOT NULL AUTO_INCREMENT,
  `colony_name` text NOT NULL,
  PRIMARY KEY (`colony_id`)
) ENGINE=InnoDB AUTO_INCREMENT=14 DEFAULT CHARSET=latin1;

INSERT INTO colony_detail VALUES("1","Aazad Ward");
INSERT INTO colony_detail VALUES("2","Bhagat Singh Ward");
INSERT INTO colony_detail VALUES("3","Bijasen Ward");
INSERT INTO colony_detail VALUES("4","Chawdi Ward");
INSERT INTO colony_detail VALUES("5","Gandhi Ward");
INSERT INTO colony_detail VALUES("6","Hanuman Ward");
INSERT INTO colony_detail VALUES("7","Jawahar Ward");
INSERT INTO colony_detail VALUES("8","Jagdish Ward");
INSERT INTO colony_detail VALUES("9","Kamath Ward");
INSERT INTO colony_detail VALUES("10","Niranjan Ward");
INSERT INTO colony_detail VALUES("12","");
INSERT INTO colony_detail VALUES("13","gg");



CREATE TABLE `current_balance` (
  `customer_id` int(11) NOT NULL,
  `balance_amount` float(9,1) NOT NULL,
  KEY `customer_id` (`customer_id`),
  CONSTRAINT `current_balance_ibfk_1` FOREIGN KEY (`customer_id`) REFERENCES `customer_details` (`customer_id`)
) ENGINE=InnoDB DEFAULT CHARSET=latin1;

INSERT INTO current_balance VALUES("1","607.6");
INSERT INTO current_balance VALUES("2","-225.2");
INSERT INTO current_balance VALUES("3","-50.0");
INSERT INTO current_balance VALUES("4","-500.2");
INSERT INTO current_balance VALUES("5","-500.3");
INSERT INTO current_balance VALUES("6","-14.0");



CREATE TABLE `customer_details` (
  `customer_id` int(11) NOT NULL AUTO_INCREMENT,
  `first_name` text NOT NULL,
  `last_name` text NOT NULL,
  `customer_image` varchar(50) NOT NULL DEFAULT 'user.png',
  `email_address` varchar(50) NOT NULL,
  `contact_1` bigint(20) DEFAULT NULL,
  `contact_2` bigint(20) DEFAULT NULL,
  `address_1` text NOT NULL,
  `address_2` text NOT NULL,
  `colony_id` int(11) NOT NULL,
  `city` varchar(30) NOT NULL,
  `shift_id` int(11) NOT NULL,
  `d_type_id` int(11) NOT NULL,
  `password` varchar(100) NOT NULL,
  `customer_status` varchar(20) NOT NULL DEFAULT 'active',
  `assigned_user_id` int(11) NOT NULL,
  `ragistration_date` datetime NOT NULL,
  `last_delivery_date` datetime NOT NULL,
  PRIMARY KEY (`customer_id`),
  KEY `d_type_id` (`d_type_id`),
  KEY `colony_id` (`colony_id`),
  CONSTRAINT `customer_details_ibfk_1` FOREIGN KEY (`d_type_id`) REFERENCES `delivery_type_details` (`d_type_id`),
  CONSTRAINT `customer_details_ibfk_2` FOREIGN KEY (`colony_id`) REFERENCES `colony_detail` (`colony_id`)
) ENGINE=InnoDB AUTO_INCREMENT=7 DEFAULT CHARSET=latin1;

INSERT INTO customer_details VALUES("1","Vivek","At","user.png","","7067428075","","Subash Nagar","","2","Jabalpur","1","1","7067428075","active","2","2020-10-04 20:51:31","2020-10-15 19:54:26");
INSERT INTO customer_details VALUES("2","Camilla","Belle","user.png","","7067428075","","MP Nagar","","3","Jabalpur","1","1","7067428075","active","2","2020-10-05 14:58:11","2020-10-15 15:47:37");
INSERT INTO customer_details VALUES("3","Shivam","S","user.png","","1231231234","","test","","1","Jabalpur","1","1","1231231234","active","2","2020-10-07 15:53:53","2020-10-15 23:45:54");
INSERT INTO customer_details VALUES("4","Nitin","N","user.png","","1231231234","","test","","2","Jabalpur","1","1","1231231234","active","3","2020-10-07 15:56:24","0000-00-00 00:00:00");
INSERT INTO customer_details VALUES("5","Harshita","H","user.png","","1231232332","","test","","3","Indore","1","1","1231232332","active","3","2020-10-07 16:02:50","0000-00-00 00:00:00");
INSERT INTO customer_details VALUES("6","Tylor","Swift","user.png","","7067428075","","mp nagar","","6","Indore","1","1","7067428075","active","2","2020-10-07 17:31:54","2020-10-15 15:12:07");



CREATE TABLE `customer_location` (
  `sr_no` int(11) NOT NULL AUTO_INCREMENT,
  `customer_id` int(11) NOT NULL,
  `customer_lat` decimal(10,8) NOT NULL,
  `customer_lng` decimal(11,8) NOT NULL,
  PRIMARY KEY (`sr_no`),
  KEY `customer_id` (`customer_id`),
  CONSTRAINT `customer_location_ibfk_1` FOREIGN KEY (`customer_id`) REFERENCES `customer_details` (`customer_id`)
) ENGINE=InnoDB AUTO_INCREMENT=2 DEFAULT CHARSET=latin1;

INSERT INTO customer_location VALUES("1","1","22.97566067","78.65943206");



CREATE TABLE `customer_points` (
  `point_id` int(11) NOT NULL AUTO_INCREMENT,
  `customer_id` int(11) DEFAULT NULL,
  `guest_id` int(11) DEFAULT NULL,
  `reffer_points` int(11) NOT NULL,
  `loyalty_points` int(11) NOT NULL,
  `customer_type` varchar(20) NOT NULL DEFAULT 'membership',
  PRIMARY KEY (`point_id`)
) ENGINE=InnoDB AUTO_INCREMENT=3 DEFAULT CHARSET=latin1;

INSERT INTO customer_points VALUES("1","","1","0","0","guest");
INSERT INTO customer_points VALUES("2","1","","0","11","");



CREATE TABLE `customer_promo_code` (
  `customer_id` int(11) NOT NULL,
  `promo_code_id` int(11) NOT NULL,
  KEY `customer_id` (`customer_id`),
  KEY `promo_code_id` (`promo_code_id`)
) ENGINE=InnoDB DEFAULT CHARSET=latin1;

INSERT INTO customer_promo_code VALUES("1","11");
INSERT INTO customer_promo_code VALUES("2","10");
INSERT INTO customer_promo_code VALUES("2","12");
INSERT INTO customer_promo_code VALUES("1","12");
INSERT INTO customer_promo_code VALUES("2","12");
INSERT INTO customer_promo_code VALUES("1","12");
INSERT INTO customer_promo_code VALUES("2","12");
INSERT INTO customer_promo_code VALUES("1","12");
INSERT INTO customer_promo_code VALUES("2","12");
INSERT INTO customer_promo_code VALUES("1","12");
INSERT INTO customer_promo_code VALUES("2","12");
INSERT INTO customer_promo_code VALUES("1","1");
INSERT INTO customer_promo_code VALUES("2","1");
INSERT INTO customer_promo_code VALUES("53","11");
INSERT INTO customer_promo_code VALUES("53","12");
INSERT INTO customer_promo_code VALUES("53","10");
INSERT INTO customer_promo_code VALUES("1","12");
INSERT INTO customer_promo_code VALUES("1","12");



CREATE TABLE `customer_ragistration` (
  `ragistration_id` int(11) NOT NULL AUTO_INCREMENT,
  `customer_image` varchar(250) NOT NULL DEFAULT 'user.png',
  `first_name` varchar(150) NOT NULL,
  `last_name` varchar(150) NOT NULL,
  `contact_1` bigint(20) NOT NULL,
  `address` varchar(300) NOT NULL,
  `colony_id` int(11) NOT NULL,
  `ragistration_user_id` varchar(50) NOT NULL,
  `ragistration_password` varchar(50) NOT NULL,
  `assigned_customer_id` int(11) NOT NULL,
  `ragistration_status` varchar(20) NOT NULL,
  `ragistration_date` datetime NOT NULL,
  PRIMARY KEY (`ragistration_id`)
) ENGINE=InnoDB AUTO_INCREMENT=6 DEFAULT CHARSET=latin1;

INSERT INTO customer_ragistration VALUES("1","user.png","Camilla","Belle","7067428075","MP Nagar","3","cam12345","12345","2","completed","2020-10-04 20:54:50");
INSERT INTO customer_ragistration VALUES("2","user.png","Tylor","Swift","7067428075","mp nagar","6","tylor12345","12345","6","completed","2020-10-05 15:05:31");
INSERT INTO customer_ragistration VALUES("3","user.png","Mackenzie","M","7067428075","test","2","mack12345","12345","0","","2020-10-08 17:12:27");
INSERT INTO customer_ragistration VALUES("4","user.png","Cam","bell","7067428075","test","1","user7067428075","12345","0","","2020-10-16 19:18:37");
INSERT INTO customer_ragistration VALUES("5","user.png","Taylor","Sw","7067428075","test","8","6270087067428075","12345","0","","2020-10-16 19:25:50");



CREATE TABLE `dairy_products` (
  `product_id` int(11) NOT NULL AUTO_INCREMENT,
  `product_name` varchar(50) NOT NULL,
  `unit` varchar(20) NOT NULL,
  `product_price` int(11) NOT NULL,
  PRIMARY KEY (`product_id`)
) ENGINE=InnoDB AUTO_INCREMENT=24 DEFAULT CHARSET=latin1;

INSERT INTO dairy_products VALUES("4","Panner","Kg","100");
INSERT INTO dairy_products VALUES("19","Milk","Pkt","10");
INSERT INTO dairy_products VALUES("20","24k pouch","Pkt","14");
INSERT INTO dairy_products VALUES("21","ghee","Pkt","80");
INSERT INTO dairy_products VALUES("22","kk","Pkt","90");
INSERT INTO dairy_products VALUES("23","nn","Pkt","80");



CREATE TABLE `dairy_stock` (
  `stock_date` date NOT NULL,
  `product_id` int(11) NOT NULL,
  `produced_qty` float(8,3) NOT NULL,
  `sold_qty` float(8,3) NOT NULL,
  `remaining_qty` float(8,3) NOT NULL,
  `lost_qty` float(8,3) NOT NULL
) ENGINE=InnoDB DEFAULT CHARSET=latin1;

INSERT INTO dairy_stock VALUES("2020-07-08","4","100.000","0.000","100.000","0.000");
INSERT INTO dairy_stock VALUES("2020-07-08","19","500.000","0.000","500.000","0.000");
INSERT INTO dairy_stock VALUES("2020-07-08","20","0.000","0.000","0.000","0.000");
INSERT INTO dairy_stock VALUES("2020-07-08","21","0.000","0.000","0.000","0.000");
INSERT INTO dairy_stock VALUES("2020-07-09","4","100.000","0.000","100.000","0.000");
INSERT INTO dairy_stock VALUES("2020-07-09","19","0.000","0.000","0.000","0.000");
INSERT INTO dairy_stock VALUES("2020-07-09","20","0.000","0.000","0.000","0.000");
INSERT INTO dairy_stock VALUES("2020-07-09","21","0.000","0.000","0.000","0.000");
INSERT INTO dairy_stock VALUES("2020-07-11","4","0.000","0.000","0.000","0.000");
INSERT INTO dairy_stock VALUES("2020-07-11","19","0.000","0.000","0.000","0.000");
INSERT INTO dairy_stock VALUES("2020-07-11","20","100.000","0.000","90.000","0.000");
INSERT INTO dairy_stock VALUES("2020-07-11","21","0.000","0.000","0.000","0.000");
INSERT INTO dairy_stock VALUES("2020-07-19","20","110.000","0.000","110.000","0.000");
INSERT INTO dairy_stock VALUES("2020-07-19","21","253.000","0.000","253.000","0.000");
INSERT INTO dairy_stock VALUES("2020-07-19","19","0.000","0.000","0.000","0.000");
INSERT INTO dairy_stock VALUES("2020-07-19","4","0.000","0.000","0.000","0.000");
INSERT INTO dairy_stock VALUES("2020-07-27","4","40.000","0.000","40.000","0.000");
INSERT INTO dairy_stock VALUES("2020-07-27","19","0.000","0.000","0.000","0.000");
INSERT INTO dairy_stock VALUES("2020-07-27","20","0.000","0.000","0.000","0.000");
INSERT INTO dairy_stock VALUES("2020-07-27","21","0.000","0.000","0.000","0.000");
INSERT INTO dairy_stock VALUES("2020-07-27","22","0.000","0.000","0.000","0.000");
INSERT INTO dairy_stock VALUES("2020-07-27","23","0.000","0.000","0.000","0.000");
INSERT INTO dairy_stock VALUES("2020-07-26","20","100.000","0.000","60.000","0.000");
INSERT INTO dairy_stock VALUES("2020-07-26","21","0.000","0.000","0.000","0.000");
INSERT INTO dairy_stock VALUES("2020-07-26","22","0.000","0.000","0.000","0.000");
INSERT INTO dairy_stock VALUES("2020-07-26","19","0.000","0.000","0.000","0.000");
INSERT INTO dairy_stock VALUES("2020-07-26","23","0.000","0.000","0.000","0.000");
INSERT INTO dairy_stock VALUES("2020-07-26","4","0.000","0.000","0.000","0.000");
INSERT INTO dairy_stock VALUES("2020-08-03","20","100.000","2.000","90.000","0.000");
INSERT INTO dairy_stock VALUES("2020-08-03","21","0.000","0.000","0.000","0.000");
INSERT INTO dairy_stock VALUES("2020-08-03","22","0.000","0.000","0.000","0.000");
INSERT INTO dairy_stock VALUES("2020-08-03","19","0.000","0.000","0.000","0.000");
INSERT INTO dairy_stock VALUES("2020-08-03","23","0.000","0.000","0.000","0.000");
INSERT INTO dairy_stock VALUES("2020-08-03","4","0.000","0.000","0.000","0.000");
INSERT INTO dairy_stock VALUES("2020-09-29","20","242.000","27.000","115.000","0.000");
INSERT INTO dairy_stock VALUES("2020-09-29","21","0.000","0.000","0.000","0.000");
INSERT INTO dairy_stock VALUES("2020-09-29","22","223.000","5.000","102.000","0.000");
INSERT INTO dairy_stock VALUES("2020-09-29","19","242.000","30.000","116.000","0.000");
INSERT INTO dairy_stock VALUES("2020-09-29","23","0.000","0.000","0.000","0.000");
INSERT INTO dairy_stock VALUES("2020-09-29","4","0.000","0.000","0.000","0.000");
INSERT INTO dairy_stock VALUES("2020-09-30","20","30.000","17.000","9.000","0.000");
INSERT INTO dairy_stock VALUES("2020-09-30","21","0.000","0.000","0.000","0.000");
INSERT INTO dairy_stock VALUES("2020-09-30","22","33.000","0.000","22.000","0.000");
INSERT INTO dairy_stock VALUES("2020-09-30","19","33.000","5.000","22.000","0.000");
INSERT INTO dairy_stock VALUES("2020-09-30","23","0.000","0.000","0.000","0.000");
INSERT INTO dairy_stock VALUES("2020-09-30","4","0.000","0.000","0.000","0.000");
INSERT INTO dairy_stock VALUES("2020-10-05","20","50.000","1.000","0.000","0.000");
INSERT INTO dairy_stock VALUES("2020-10-05","21","0.000","0.000","0.000","0.000");
INSERT INTO dairy_stock VALUES("2020-10-05","22","0.000","0.000","0.000","0.000");
INSERT INTO dairy_stock VALUES("2020-10-05","19","50.000","2.000","0.000","0.000");
INSERT INTO dairy_stock VALUES("2020-10-05","23","0.000","0.000","0.000","0.000");
INSERT INTO dairy_stock VALUES("2020-10-05","4","0.000","0.000","0.000","0.000");
INSERT INTO dairy_stock VALUES("2020-10-14","20","100.000","4.000","0.000","0.000");
INSERT INTO dairy_stock VALUES("2020-10-14","21","0.000","0.000","0.000","0.000");
INSERT INTO dairy_stock VALUES("2020-10-14","22","0.000","0.000","0.000","0.000");
INSERT INTO dairy_stock VALUES("2020-10-14","19","0.000","0.000","0.000","0.000");
INSERT INTO dairy_stock VALUES("2020-10-14","23","0.000","0.000","0.000","0.000");
INSERT INTO dairy_stock VALUES("2020-10-14","4","0.000","0.000","0.000","0.000");
INSERT INTO dairy_stock VALUES("2020-10-15","20","100.000","5.000","0.000","0.000");
INSERT INTO dairy_stock VALUES("2020-10-15","21","0.000","0.000","0.000","0.000");
INSERT INTO dairy_stock VALUES("2020-10-15","22","0.000","0.000","0.000","0.000");
INSERT INTO dairy_stock VALUES("2020-10-15","19","0.000","0.000","0.000","0.000");
INSERT INTO dairy_stock VALUES("2020-10-15","23","0.000","0.000","0.000","0.000");
INSERT INTO dairy_stock VALUES("2020-10-15","4","0.000","0.000","0.000","0.000");



CREATE TABLE `delivery_app_settings` (
  `delivery_charge` float(8,2) NOT NULL,
  `packaging_charge` float(8,2) NOT NULL,
  `point_value` int(11) NOT NULL,
  `reffer_and_earn` int(11) NOT NULL,
  `loyalty_sales_figure` float(8,2) NOT NULL,
  `loyalty_sales_point` int(11) NOT NULL
) ENGINE=InnoDB DEFAULT CHARSET=latin1;

INSERT INTO delivery_app_settings VALUES("50.00","20.00","11","5","200.00","11");



CREATE TABLE `delivery_shift` (
  `shift_id` int(11) NOT NULL AUTO_INCREMENT,
  `shift_name` text NOT NULL,
  PRIMARY KEY (`shift_id`)
) ENGINE=InnoDB AUTO_INCREMENT=4 DEFAULT CHARSET=latin1;

INSERT INTO delivery_shift VALUES("1","Morning");
INSERT INTO delivery_shift VALUES("2","Evening");
INSERT INTO delivery_shift VALUES("3","Both");



CREATE TABLE `delivery_status` (
  `customer_id` int(11) NOT NULL,
  `shift_id` int(11) NOT NULL,
  `status` varchar(25) NOT NULL
) ENGINE=InnoDB DEFAULT CHARSET=latin1;

INSERT INTO delivery_status VALUES("1","1","");
INSERT INTO delivery_status VALUES("2","1","");
INSERT INTO delivery_status VALUES("3","1","");
INSERT INTO delivery_status VALUES("4","1","");
INSERT INTO delivery_status VALUES("5","1","");
INSERT INTO delivery_status VALUES("6","1","");



CREATE TABLE `delivery_type_details` (
  `d_type_id` int(11) NOT NULL AUTO_INCREMENT,
  `d_type` text NOT NULL,
  PRIMARY KEY (`d_type_id`)
) ENGINE=InnoDB AUTO_INCREMENT=3 DEFAULT CHARSET=latin1;

INSERT INTO delivery_type_details VALUES("1","home");
INSERT INTO delivery_type_details VALUES("2","counter");



CREATE TABLE `estimated_product_details` (
  `customer_id` int(11) NOT NULL,
  `product_id` int(11) NOT NULL,
  `product_qty` float(8,3) NOT NULL
) ENGINE=InnoDB DEFAULT CHARSET=latin1;

INSERT INTO estimated_product_details VALUES("28","2","1.000");
INSERT INTO estimated_product_details VALUES("1","4","0.000");
INSERT INTO estimated_product_details VALUES("1","19","1.000");
INSERT INTO estimated_product_details VALUES("1","20","2.000");
INSERT INTO estimated_product_details VALUES("1","21","0.000");
INSERT INTO estimated_product_details VALUES("1","22","0.000");
INSERT INTO estimated_product_details VALUES("1","23","0.000");
INSERT INTO estimated_product_details VALUES("2","4","0.000");
INSERT INTO estimated_product_details VALUES("2","19","2.000");
INSERT INTO estimated_product_details VALUES("2","20","0.000");
INSERT INTO estimated_product_details VALUES("2","21","0.000");
INSERT INTO estimated_product_details VALUES("2","22","0.000");
INSERT INTO estimated_product_details VALUES("2","23","0.000");
INSERT INTO estimated_product_details VALUES("3","4","0.000");
INSERT INTO estimated_product_details VALUES("3","19","2.000");
INSERT INTO estimated_product_details VALUES("3","20","0.000");
INSERT INTO estimated_product_details VALUES("3","21","0.000");
INSERT INTO estimated_product_details VALUES("3","22","0.000");
INSERT INTO estimated_product_details VALUES("3","23","0.000");
INSERT INTO estimated_product_details VALUES("4","4","0.000");
INSERT INTO estimated_product_details VALUES("4","19","2.000");
INSERT INTO estimated_product_details VALUES("4","20","0.000");
INSERT INTO estimated_product_details VALUES("4","21","0.000");
INSERT INTO estimated_product_details VALUES("4","22","0.000");
INSERT INTO estimated_product_details VALUES("4","23","0.000");
INSERT INTO estimated_product_details VALUES("5","4","0.000");
INSERT INTO estimated_product_details VALUES("5","19","2.000");
INSERT INTO estimated_product_details VALUES("5","20","0.000");
INSERT INTO estimated_product_details VALUES("5","21","0.000");
INSERT INTO estimated_product_details VALUES("5","22","0.000");
INSERT INTO estimated_product_details VALUES("5","23","0.000");
INSERT INTO estimated_product_details VALUES("6","4","0.000");
INSERT INTO estimated_product_details VALUES("6","19","2.000");
INSERT INTO estimated_product_details VALUES("6","20","0.000");
INSERT INTO estimated_product_details VALUES("6","21","0.000");
INSERT INTO estimated_product_details VALUES("6","22","0.000");
INSERT INTO estimated_product_details VALUES("6","23","0.000");



CREATE TABLE `feedback` (
  `feedback_id` int(11) NOT NULL AUTO_INCREMENT,
  `customer_id` int(11) NOT NULL,
  `quality_rank` varchar(100) NOT NULL,
  `service_rank` varchar(100) NOT NULL,
  `suggestion` text NOT NULL,
  `time_stamp` datetime NOT NULL,
  PRIMARY KEY (`feedback_id`)
) ENGINE=InnoDB AUTO_INCREMENT=3 DEFAULT CHARSET=latin1;

INSERT INTO feedback VALUES("1","28","3","","","2019-12-24 17:47:20");
INSERT INTO feedback VALUES("2","1","4","5","hello","2020-10-15 23:36:40");



CREATE TABLE `gst` (
  `gst_id` int(11) NOT NULL AUTO_INCREMENT,
  `gst_value` float(6,2) NOT NULL,
  PRIMARY KEY (`gst_id`)
) ENGINE=InnoDB AUTO_INCREMENT=7 DEFAULT CHARSET=latin1;

INSERT INTO gst VALUES("1","0.50");
INSERT INTO gst VALUES("2","1.00");
INSERT INTO gst VALUES("3","2.00");
INSERT INTO gst VALUES("4","4.00");
INSERT INTO gst VALUES("5","8.00");
INSERT INTO gst VALUES("6","10.00");



CREATE TABLE `guest_current_balance` (
  `guest_id` int(11) NOT NULL,
  `balance_amount` float(8,2) NOT NULL,
  `account_status` varchar(20) NOT NULL
) ENGINE=InnoDB DEFAULT CHARSET=latin1;

INSERT INTO guest_current_balance VALUES("61","1401.40","active");
INSERT INTO guest_current_balance VALUES("1","0.00","active");
INSERT INTO guest_current_balance VALUES("2","0.00","active");
INSERT INTO guest_current_balance VALUES("3","401.40","active");
INSERT INTO guest_current_balance VALUES("4","0.00","active");
INSERT INTO guest_current_balance VALUES("5","0.00","active");



CREATE TABLE `membership_requests` (
  `request_id` int(11) NOT NULL AUTO_INCREMENT,
  `guest_id` int(11) NOT NULL,
  `status` varchar(20) NOT NULL,
  PRIMARY KEY (`request_id`)
) ENGINE=InnoDB AUTO_INCREMENT=2 DEFAULT CHARSET=latin1;

INSERT INTO membership_requests VALUES("1","2","active");



CREATE TABLE `notification` (
  `notification_id` int(11) NOT NULL AUTO_INCREMENT,
  `customer_id` int(11) DEFAULT NULL,
  `guest_id` int(11) DEFAULT NULL,
  `title` text NOT NULL,
  `message` text NOT NULL,
  `notification_date` datetime NOT NULL,
  `notification_status` text NOT NULL,
  `customer_type` varchar(20) NOT NULL,
  PRIMARY KEY (`notification_id`),
  KEY `customer_id` (`customer_id`)
) ENGINE=InnoDB AUTO_INCREMENT=17 DEFAULT CHARSET=latin1;

INSERT INTO notification VALUES("12","","3","hello mackenzie","welcome","2020-10-08 17:13:28","read","guest");
INSERT INTO notification VALUES("13","","3","Hi Meckenzie","Hello","2020-10-08 17:15:56","","guest");
INSERT INTO notification VALUES("14","3","","hello Shivam","welcom","2020-10-08 17:22:23","read","membership");
INSERT INTO notification VALUES("15","1","","ss","ss","2020-10-15 13:50:02","","membership");
INSERT INTO notification VALUES("16","1","","ss","ss","2020-10-15 13:50:17","read","membership");



CREATE TABLE `offer_banner` (
  `offer_banner_id` int(11) NOT NULL AUTO_INCREMENT,
  `img_name` varchar(150) NOT NULL,
  PRIMARY KEY (`offer_banner_id`)
) ENGINE=InnoDB AUTO_INCREMENT=2 DEFAULT CHARSET=latin1;

INSERT INTO offer_banner VALUES("1","");



CREATE TABLE `online_orders` (
  `online_order_id` int(11) NOT NULL AUTO_INCREMENT,
  `customer_id` int(11) DEFAULT NULL,
  `guest_id` int(11) DEFAULT NULL,
  `online_order_details` text NOT NULL,
  `delivery_details` text NOT NULL,
  `cart_total` float(8,2) NOT NULL,
  `total_order_price` float(8,2) NOT NULL,
  `order_tax` float(8,2) NOT NULL,
  `packing_charge` float(5,2) NOT NULL,
  `delivery_charge` float(8,2) NOT NULL,
  `point_discount` float(8,2) DEFAULT NULL,
  `coupan_discount` float(8,2) DEFAULT NULL,
  `paid_amount` float(8,2) NOT NULL,
  `online_order_date` datetime NOT NULL,
  `delivery_date` datetime NOT NULL,
  `order_status` varchar(25) NOT NULL,
  `delivery_person` int(11) NOT NULL,
  `outlet_id` int(11) NOT NULL,
  `order_type` varchar(30) NOT NULL,
  PRIMARY KEY (`online_order_id`)
) ENGINE=InnoDB AUTO_INCREMENT=22 DEFAULT CHARSET=latin1;

INSERT INTO online_orders VALUES("4","","1","[{"item_id":1,"item_name":"24K Pouch","item_qty":1,"item_price":26,"item_img":"268761601197007928bc926.jpeg","item_gst":10}]","","26.00","98.60","2.60","20.00","50.00","0.00","0.00","98.60","2020-10-04 21:17:54","2020-10-04 00:00:00","placed","3","1","e_order");
INSERT INTO online_orders VALUES("5","","1","[{"item_id":1,"item_name":"24K Pouch","item_qty":8,"item_price":208,"item_img":"268761601197007928bc926.jpeg","item_gst":10}]","","208.00","444.40","166.40","20.00","50.00","0.00","0.00","444.40","2020-10-05 11:27:40","2020-10-05 00:00:00","","0","1","e_order");
INSERT INTO online_orders VALUES("6","","1","[{"item_id":1,"item_name":"24K Pouch","item_qty":6,"item_price":156,"item_img":"268761601197007928bc926.jpeg","item_gst":10}]","","156.00","319.60","93.60","20.00","50.00","242.00","0.00","77.60","2020-10-05 11:37:27","2020-10-05 00:00:00","delivered","2","1","e_order");
INSERT INTO online_orders VALUES("7","1","","[{"item_id":1,"item_name":"24K Pouch","item_qty":2,"item_price":52,"item_img":"268761601197007928bc926.jpeg","item_gst":10}]","","52.00","132.40","10.40","20.00","20.00","0.00","0.00","132.40","2020-10-05 11:43:51","2020-10-05 00:00:00","delivered","2","1","membership");
INSERT INTO online_orders VALUES("8","1","","[{"item_id":1,"item_name":"24K Pouch","item_qty":8,"item_price":208,"item_img":"268761601197007928bc926.jpeg","item_gst":10}]","","208.00","444.40","166.40","20.00","20.00","0.00","0.00","444.40","2020-10-05 13:02:01","2020-10-05 00:00:00","","0","1","membership");
INSERT INTO online_orders VALUES("9","3","","[{"item_id":1,"item_name":"24K Pouch","item_qty":2,"item_price":52,"item_img":"268761601197007928bc926.jpeg","item_gst":10}]","","52.00","132.40","10.40","20.00","20.00","0.00","0.00","132.40","2020-10-08 17:36:19","2020-10-08 00:00:00","","0","1","membership");
INSERT INTO online_orders VALUES("10","3","","[{"item_id":1,"item_name":"24K Pouch","item_qty":1,"item_price":26,"item_img":"268761601197007928bc926.jpeg","item_gst":10}]","","26.00","98.60","2.60","20.00","20.00","0.00","0.00","98.60","2020-10-08 17:39:33","1970-01-01 00:00:00","","0","1","membership");
INSERT INTO online_orders VALUES("11","3","","[{"item_id":1,"item_name":"24K Pouch","item_qty":1,"item_price":26,"item_img":"268761601197007928bc926.jpeg","item_gst":10}]","","26.00","98.60","2.60","20.00","20.00","0.00","0.00","98.60","2020-10-08 17:39:40","1970-01-01 00:00:00","","0","1","membership");
INSERT INTO online_orders VALUES("12","3","","[{"item_id":1,"item_name":"24K Pouch","item_qty":1,"item_price":26,"item_img":"268761601197007928bc926.jpeg","item_gst":10}]","","26.00","98.60","2.60","20.00","20.00","0.00","0.00","98.60","2020-10-08 17:40:13","2020-10-22 00:00:00","","0","1","membership");
INSERT INTO online_orders VALUES("13","3","","[{"item_id":1,"item_name":"24K Pouch","item_qty":1,"item_price":26,"item_img":"268761601197007928bc926.jpeg","item_gst":10}]","","26.00","98.60","2.60","20.00","20.00","0.00","0.00","98.60","2020-10-08 17:58:29","1970-01-01 00:00:00","","0","1","membership");
INSERT INTO online_orders VALUES("14","3","","[{"item_id":1,"item_name":"24K Pouch","item_qty":1,"item_price":26,"item_img":"268761601197007928bc926.jpeg","item_gst":10}]","","26.00","98.60","2.60","20.00","20.00","0.00","0.00","98.60","2020-10-08 18:03:28","2020-10-21 00:00:00","","0","1","membership");
INSERT INTO online_orders VALUES("15","","3","[{"item_id":1,"item_name":"24K Pouch","item_qty":1,"item_price":26,"item_img":"268761601197007928bc926.jpeg","item_gst":10}]","","26.00","98.60","2.60","20.00","50.00","0.00","0.00","98.60","2020-10-08 18:08:34","2020-10-17 00:00:00","","0","1","e_order");
INSERT INTO online_orders VALUES("16","","3","[{"item_id":1,"item_name":"24K Pouch","item_qty":1,"item_price":26,"item_img":"268761601197007928bc926.jpeg","item_gst":10}]","","26.00","98.60","2.60","20.00","50.00","0.00","0.00","98.60","2020-10-09 13:05:19","2020-10-11 00:00:00","","0","1","e_order");
INSERT INTO online_orders VALUES("17","1","","[{"item_id":7,"item_name":"Pizza","item_qty":1,"item_price":100,"item_img":"660371600277032deec299e.png","item_gst":10}]","","100.00","180.00","10.00","20.00","20.00","0.00","0.00","180.00","2020-10-12 22:57:50","2020-10-14 00:00:00","","0","1","membership");
INSERT INTO online_orders VALUES("18","","3","[{"item_id":1,"item_name":"24K Pouch","item_qty":1,"item_price":26,"item_img":"268761601197007928bc926.jpeg","item_gst":10}]","","26.00","98.60","2.60","20.00","50.00","0.00","0.00","98.60","2020-10-15 18:08:34","2020-10-15 18:08:34","delivered","2","1","e_order");
INSERT INTO online_orders VALUES("19","","3","[{"item_id":1,"item_name":"24K Pouch","item_qty":1,"item_price":26,"item_img":"268761601197007928bc926.jpeg","item_gst":10}]","","26.00","98.60","2.60","20.00","50.00","0.00","0.00","98.60","2020-10-15 18:08:34","2020-10-15 18:08:34","delivered","2","1","e_order");
INSERT INTO online_orders VALUES("20","2","","[{"item_id":1,"item_name":"24K Pouch","item_qty":1,"item_price":26,"item_img":"268761601197007928bc926.jpeg","item_gst":10}]","","26.00","98.60","2.60","20.00","20.00","0.00","0.00","98.60","2020-10-08 18:03:28","2020-10-15 00:00:00","delivered","0","1","membership");
INSERT INTO online_orders VALUES("21","1","","[{"item_id":3,"item_name":"Milk 1","item_qty":1,"item_price":40,"item_img":"197991602571262ac148810.png","item_gst":20}]","","40.00","118.00","8.00","20.00","20.00","0.00","0.00","118.00","2020-10-15 23:14:32","2020-10-17 00:00:00","","0","1","membership");



CREATE TABLE `product_category` (
  `product_category_id` int(11) NOT NULL AUTO_INCREMENT,
  `product_category_name` varchar(100) NOT NULL,
  `product_category_title` varchar(300) NOT NULL,
  `have_sub_category` varchar(10) NOT NULL,
  `category_status` varchar(20) NOT NULL,
  `category_image` varchar(150) DEFAULT NULL,
  `outlet_id` int(11) NOT NULL,
  PRIMARY KEY (`product_category_id`)
) ENGINE=InnoDB AUTO_INCREMENT=6 DEFAULT CHARSET=latin1;

INSERT INTO product_category VALUES("1","Milk","","no","active","811131601189056ff054d04.jpg","1");
INSERT INTO product_category VALUES("2","Vagitable","","yes","active","37455160118914643e19d0e.jpg","1");
INSERT INTO product_category VALUES("3","Dairy Product","","yes","active","965451601189166e34deb7a.jpg","1");
INSERT INTO product_category VALUES("5","Javik Khad","","yes","active","85052160119591082f6c455.jpg","1");



CREATE TABLE `product_details` (
  `product_id` int(11) NOT NULL AUTO_INCREMENT,
  `product_category_id` int(11) NOT NULL,
  `product_sub_category_id` int(11) DEFAULT NULL,
  `product_name` varchar(100) NOT NULL,
  `short_discription` text NOT NULL,
  `discription` text NOT NULL,
  `product_unit` varchar(50) NOT NULL,
  `product_unit_price` int(11) NOT NULL,
  `sgst` float(6,1) NOT NULL,
  `cgst` float(6,1) NOT NULL,
  `product_img` varchar(200) NOT NULL DEFAULT 'f1.jpg',
  `product_status` varchar(20) NOT NULL,
  PRIMARY KEY (`product_id`),
  KEY `product_sub_category_id` (`product_sub_category_id`),
  KEY `product_category_id` (`product_category_id`)
) ENGINE=InnoDB AUTO_INCREMENT=3 DEFAULT CHARSET=latin1;

INSERT INTO product_details VALUES("1","1","","24K Pouch","hello","hello","Pkt","26","5.0","5.0","268761601197007928bc926.jpeg","active");
INSERT INTO product_details VALUES("2","2","2","Tamator","","","Pcs","20","0.2","0.2","2875716022553281219a37a.jpg","active");



CREATE TABLE `product_sub_category` (
  `product_sub_category_id` int(11) NOT NULL AUTO_INCREMENT,
  `product_category_id` int(11) NOT NULL,
  `product_sub_category_name` varchar(100) NOT NULL,
  `product_subcategory_status` varchar(20) NOT NULL,
  PRIMARY KEY (`product_sub_category_id`)
) ENGINE=InnoDB AUTO_INCREMENT=4 DEFAULT CHARSET=latin1;

INSERT INTO product_sub_category VALUES("1","2","Fruit","active");
INSERT INTO product_sub_category VALUES("2","2","Salad","active");
INSERT INTO product_sub_category VALUES("3","2","Veg","active");



CREATE TABLE `production_report` (
  `production_id` int(11) NOT NULL AUTO_INCREMENT,
  `product_id` int(11) NOT NULL,
  `production_qty` float(8,3) NOT NULL,
  `total_price` float(9,2) NOT NULL,
  `production_date` date NOT NULL,
  PRIMARY KEY (`production_id`)
) ENGINE=InnoDB AUTO_INCREMENT=28 DEFAULT CHARSET=latin1;

INSERT INTO production_report VALUES("9","20","10.000","0.00","2020-07-19");
INSERT INTO production_report VALUES("10","20","100.000","0.00","2020-07-26");
INSERT INTO production_report VALUES("11","20","100.000","0.00","2020-08-03");
INSERT INTO production_report VALUES("12","20","20.000","0.00","2020-09-29");
INSERT INTO production_report VALUES("13","19","20.000","0.00","2020-09-29");
INSERT INTO production_report VALUES("14","22","1.000","0.00","2020-09-29");
INSERT INTO production_report VALUES("15","20","22.000","0.00","2020-09-29");
INSERT INTO production_report VALUES("16","22","22.000","0.00","2020-09-29");
INSERT INTO production_report VALUES("17","19","22.000","0.00","2020-09-29");
INSERT INTO production_report VALUES("18","20","200.000","0.00","2020-09-29");
INSERT INTO production_report VALUES("19","22","200.000","0.00","2020-09-29");
INSERT INTO production_report VALUES("20","19","200.000","0.00","2020-09-29");
INSERT INTO production_report VALUES("21","20","30.000","0.00","2020-09-30");
INSERT INTO production_report VALUES("22","22","33.000","0.00","2020-09-30");
INSERT INTO production_report VALUES("23","19","33.000","0.00","2020-09-30");
INSERT INTO production_report VALUES("24","20","50.000","0.00","2020-10-05");
INSERT INTO production_report VALUES("25","19","50.000","0.00","2020-10-05");
INSERT INTO production_report VALUES("26","20","100.000","0.00","2020-10-14");
INSERT INTO production_report VALUES("27","20","100.000","0.00","2020-10-15");



CREATE TABLE `promo_code` (
  `promo_id` int(11) NOT NULL AUTO_INCREMENT,
  `promo_code` varchar(50) NOT NULL,
  `promo_discount` varchar(50) NOT NULL,
  `min_purchese_amt` varchar(50) NOT NULL,
  `max_discount_amt` varchar(50) NOT NULL,
  `promo_detail` varchar(200) NOT NULL,
  `validate_from` date NOT NULL,
  `validate_to` date NOT NULL,
  `term_condition` text NOT NULL,
  `created_on` varchar(20) NOT NULL,
  `promo_status` varchar(20) NOT NULL,
  `apply_on` varchar(200) NOT NULL,
  PRIMARY KEY (`promo_id`)
) ENGINE=InnoDB AUTO_INCREMENT=13 DEFAULT CHARSET=latin1;

INSERT INTO promo_code VALUES("10","AMG109","{"type":"percent","value":"20"}","","","Diwali Offer flat 15% off","2020-12-09","2020-12-09","gggggggg","2020-09-12","","{"type":"subcategory","id":"19"}");
INSERT INTO promo_code VALUES("12","AMG108","{"type":"percent","value":"20"}","","","Diwali Offer flat 15% off","2020-12-09","2020-12-09","gggggggg","2020-09-12","","{"type":"subcategory","id":"19"}");



CREATE TABLE `purchase_report` (
  `purchase_id` int(11) NOT NULL AUTO_INCREMENT,
  `dealer_id` int(11) NOT NULL,
  `purchase_product_id` int(11) NOT NULL,
  `purchase_unit_price` float(9,2) NOT NULL,
  `purchase_quantity` float(9,3) NOT NULL,
  `purchase_price` float(9,2) NOT NULL,
  `purchase_date` date NOT NULL,
  PRIMARY KEY (`purchase_id`)
) ENGINE=InnoDB AUTO_INCREMENT=6 DEFAULT CHARSET=latin1;

INSERT INTO purchase_report VALUES("1","2","19","10.00","500.000","5000.00","2020-07-08");
INSERT INTO purchase_report VALUES("2","2","4","50.00","100.000","5000.00","2020-07-08");
INSERT INTO purchase_report VALUES("3","2","4","50.00","100.000","5000.00","2020-07-09");
INSERT INTO purchase_report VALUES("4","3","20","30.00","100.000","3000.00","2020-07-11");
INSERT INTO purchase_report VALUES("5","2","4","100.00","40.000","4000.00","2020-07-27");



CREATE TABLE `recharge_detail` (
  `recharge_id` int(11) NOT NULL AUTO_INCREMENT,
  `customer_id` int(11) DEFAULT NULL,
  `guest_id` int(11) DEFAULT NULL,
  `recharge_amount` int(11) NOT NULL,
  `user_id` int(11) NOT NULL,
  `recharge_date` datetime NOT NULL,
  `payment_id` varchar(100) NOT NULL,
  `customer_type` varchar(20) NOT NULL DEFAULT 'membership',
  PRIMARY KEY (`recharge_id`),
  KEY `customer_id` (`customer_id`),
  KEY `user_id` (`user_id`),
  CONSTRAINT `recharge_detail_ibfk_1` FOREIGN KEY (`customer_id`) REFERENCES `customer_details` (`customer_id`) ON DELETE CASCADE,
  CONSTRAINT `recharge_detail_ibfk_2` FOREIGN KEY (`user_id`) REFERENCES `team_member` (`user_id`)
) ENGINE=InnoDB AUTO_INCREMENT=8 DEFAULT CHARSET=latin1;

INSERT INTO recharge_detail VALUES("4","6","","400","2","2020-07-10 13:54:40","","guest");
INSERT INTO recharge_detail VALUES("5","","3","10","21","2020-10-08 21:21:49","pay_FmSlAYVRbI4Yig","guest");
INSERT INTO recharge_detail VALUES("6","1","","20","21","2020-10-08 21:25:38","pay_FmSpCM70Uodr4A","membership");
INSERT INTO recharge_detail VALUES("7","1","","300","2","2020-10-15 16:06:15","","membership");



CREATE TABLE `recharge_limit` (
  `amount` int(11) NOT NULL
) ENGINE=InnoDB DEFAULT CHARSET=latin1;

INSERT INTO recharge_limit VALUES("300");



CREATE TABLE `returned_stock` (
  `stock_date` date NOT NULL,
  `user_id` int(11) NOT NULL,
  `product_id` int(11) NOT NULL,
  `returned_qty` float(8,3) NOT NULL
) ENGINE=InnoDB DEFAULT CHARSET=latin1;

INSERT INTO returned_stock VALUES("2020-03-11","3","4","0.000");
INSERT INTO returned_stock VALUES("2020-03-11","3","19","0.000");
INSERT INTO returned_stock VALUES("2020-03-11","3","20","0.000");
INSERT INTO returned_stock VALUES("2020-04-24","2","4","5.000");
INSERT INTO returned_stock VALUES("2020-04-24","2","19","10.000");
INSERT INTO returned_stock VALUES("2020-04-24","2","20","10.000");
INSERT INTO returned_stock VALUES("2020-04-24","3","4","0.000");
INSERT INTO returned_stock VALUES("2020-04-24","3","19","0.000");
INSERT INTO returned_stock VALUES("2020-04-24","3","20","0.000");
INSERT INTO returned_stock VALUES("2020-04-25","3","4","3.241");
INSERT INTO returned_stock VALUES("2020-04-25","3","19","1.000");
INSERT INTO returned_stock VALUES("2020-04-25","3","20","3.000");
INSERT INTO returned_stock VALUES("2020-04-25","2","4","10.000");
INSERT INTO returned_stock VALUES("2020-04-25","2","19","10.000");
INSERT INTO returned_stock VALUES("2020-04-25","2","20","10.000");
INSERT INTO returned_stock VALUES("2020-04-26","2","4","2.000");
INSERT INTO returned_stock VALUES("2020-04-26","2","19","2.000");
INSERT INTO returned_stock VALUES("2020-04-26","2","20","2.000");
INSERT INTO returned_stock VALUES("2020-04-26","19","4","3.000");
INSERT INTO returned_stock VALUES("2020-04-26","19","19","3.000");
INSERT INTO returned_stock VALUES("2020-04-26","19","20","3.000");
INSERT INTO returned_stock VALUES("2020-04-26","3","4","3.000");
INSERT INTO returned_stock VALUES("2020-04-26","3","19","3.000");
INSERT INTO returned_stock VALUES("2020-04-26","3","20","3.000");



CREATE TABLE `supplyer_details` (
  `supplyer_id` int(11) NOT NULL AUTO_INCREMENT,
  `time_stamp` datetime NOT NULL,
  `supplyer_name` varchar(250) NOT NULL,
  `supplyer_mobile_no` bigint(20) NOT NULL,
  `supplyer_email_id` varchar(150) NOT NULL,
  `supplyer_address` varchar(400) NOT NULL,
  `GST_no` int(11) NOT NULL,
  PRIMARY KEY (`supplyer_id`)
) ENGINE=InnoDB AUTO_INCREMENT=13 DEFAULT CHARSET=latin1;

INSERT INTO supplyer_details VALUES("1","2020-07-08 00:00:00","vivek","1231231233","supp1@gmail.com","test","123");
INSERT INTO supplyer_details VALUES("2","0000-00-00 00:00:00","supplyer 1","0","","","0");
INSERT INTO supplyer_details VALUES("3","0000-00-00 00:00:00","supplyer 1","0","","","0");
INSERT INTO supplyer_details VALUES("4","0000-00-00 00:00:00","supplyer 1","0","","","0");
INSERT INTO supplyer_details VALUES("5","0000-00-00 00:00:00","supplyer 1","0","","","0");
INSERT INTO supplyer_details VALUES("6","0000-00-00 00:00:00","supplyer 1","0","","","123");
INSERT INTO supplyer_details VALUES("7","2020-07-08 18:00:28","supplyer 1","1111111111","supp1@gmail.com","","123");
INSERT INTO supplyer_details VALUES("8","2020-07-08 18:01:00","supplyer 1","1111111111","supp1@gmail.com","","123");
INSERT INTO supplyer_details VALUES("9","2020-07-08 18:01:48","supplyer 1","1111111111","supp1@gmail.com","","123");
INSERT INTO supplyer_details VALUES("10","2020-07-08 18:02:14","supplyer 1","11111111111","supp1@gmail.com","","123");
INSERT INTO supplyer_details VALUES("11","2020-07-08 18:03:02","supplyer 1","11111111111","supp1@gmail.com","test","123");
INSERT INTO supplyer_details VALUES("12","2020-07-08 18:03:24","vivek","11111111111","supp1@gmail.com","test","123");



CREATE TABLE `team_member` (
  `user_id` int(11) NOT NULL AUTO_INCREMENT,
  `name` text NOT NULL,
  `image` varchar(100) NOT NULL DEFAULT 'user.png',
  `email` varchar(50) NOT NULL,
  `role` varchar(20) NOT NULL,
  `user_name` varchar(100) NOT NULL,
  `password` varchar(50) NOT NULL,
  `contact` bigint(20) DEFAULT NULL,
  `ragistration_date` datetime NOT NULL,
  PRIMARY KEY (`user_id`)
) ENGINE=InnoDB AUTO_INCREMENT=24 DEFAULT CHARSET=latin1;

INSERT INTO team_member VALUES("1","Admin","user.png","admin@gmail.com","admin","","12345","1234567897","2019-08-12 02:07:30");
INSERT INTO team_member VALUES("2","Aayush Shrivastava","1215115664931393dee732c.jpg","eather18@gmail.com","Agent","aayush","123456","123456787","2019-08-15 02:07:07");
INSERT INTO team_member VALUES("3","vivek atroliya","user.png","demo@gmail.com","Agent","vivek","12345","1231231234","2019-08-15 02:07:07");
INSERT INTO team_member VALUES("19","test","11349157633821873bb5ceb.jpg","","Agent","test","12345","1231231233","2019-09-09 20:40:45");
INSERT INTO team_member VALUES("21","Online Recharge","user.png","online@gmail.com","Agent","online","12345","1111111111","2019-11-26 14:15:40");
INSERT INTO team_member VALUES("22","jeet","user.png","jeet@gmail.com","Agent","jeet","12345","1231231233","2020-06-03 22:11:22");
INSERT INTO team_member VALUES("23","rahul","user.png","","Agent","rahul","12345","1231231233","2020-06-03 22:12:23");



CREATE TABLE `terminated_customer` (
  `serial_no` int(11) NOT NULL AUTO_INCREMENT,
  `customer_id` int(11) NOT NULL,
  `amount_returned` float(9,1) NOT NULL,
  `terminate_date` date NOT NULL,
  PRIMARY KEY (`serial_no`),
  KEY `customer_id` (`customer_id`),
  CONSTRAINT `terminated_customer_ibfk_1` FOREIGN KEY (`customer_id`) REFERENCES `customer_details` (`customer_id`)
) ENGINE=InnoDB DEFAULT CHARSET=latin1;




CREATE TABLE `transaction_detail` (
  `transaction_id` int(11) NOT NULL AUTO_INCREMENT,
  `customer_id` int(11) DEFAULT NULL,
  `guest_id` int(11) DEFAULT NULL,
  `transaction_amount` float(9,1) NOT NULL,
  `ledger` float(8,1) DEFAULT NULL,
  `product_id` int(11) DEFAULT NULL,
  `product_quantity` float(8,3) DEFAULT NULL,
  `user_id` int(11) NOT NULL,
  `shift_id` int(11) DEFAULT NULL,
  `order_id` int(11) DEFAULT NULL,
  `customer_type` varchar(25) NOT NULL DEFAULT 'membership',
  `transaction_date` datetime NOT NULL,
  PRIMARY KEY (`transaction_id`),
  KEY `customer_id` (`customer_id`),
  KEY `user_id` (`user_id`),
  KEY `transaction_detail_ibfk_2` (`product_id`),
  CONSTRAINT `transaction_detail_ibfk_1` FOREIGN KEY (`customer_id`) REFERENCES `customer_details` (`customer_id`) ON DELETE CASCADE,
  CONSTRAINT `transaction_detail_ibfk_2` FOREIGN KEY (`product_id`) REFERENCES `dairy_products` (`product_id`),
  CONSTRAINT `transaction_detail_ibfk_3` FOREIGN KEY (`user_id`) REFERENCES `team_member` (`user_id`)
) ENGINE=InnoDB AUTO_INCREMENT=29 DEFAULT CHARSET=latin1;

INSERT INTO transaction_detail VALUES("1","","1","444.4","","","","21","","1","guest","2020-10-04 20:59:40");
INSERT INTO transaction_detail VALUES("2","","1","98.6","","","","21","","2","guest","2020-10-04 21:05:24");
INSERT INTO transaction_detail VALUES("3","","1","98.6","","","","21","","3","guest","2020-10-04 21:12:07");
INSERT INTO transaction_detail VALUES("4","","1","98.6","","","","21","","4","guest","2020-10-04 21:17:54");
INSERT INTO transaction_detail VALUES("5","","1","444.4","","","","21","","5","guest","2020-10-05 11:27:40");
INSERT INTO transaction_detail VALUES("6","","1","77.6","","","","21","","6","guest","2020-10-05 11:37:27");
INSERT INTO transaction_detail VALUES("7","1","","10.0","490.0","19","2.000","2","2","","membership","2020-10-05 14:15:32");
INSERT INTO transaction_detail VALUES("8","1","","14.0","476.0","20","1.000","2","2","","membership","2020-10-05 14:15:32");
INSERT INTO transaction_detail VALUES("9","1","","132.4","343.6","","","2","2","7","membership","2020-10-05 14:16:36");
INSERT INTO transaction_detail VALUES("10","6","","444.4","","","","21","","1","membership","2020-10-04 20:59:40");
INSERT INTO transaction_detail VALUES("11","6","","98.6","","","","21","","2","membership","2020-10-04 21:05:24");
INSERT INTO transaction_detail VALUES("12","6","","98.6","","","","21","","3","membership","2020-10-04 21:12:07");
INSERT INTO transaction_detail VALUES("13","6","","98.6","","","","21","","4","membership","2020-10-04 21:17:54");
INSERT INTO transaction_detail VALUES("14","6","","444.4","","","","21","","5","membership","2020-10-05 11:27:40");
INSERT INTO transaction_detail VALUES("15","6","","77.6","","","","21","","6","membership","2020-10-05 11:37:27");
INSERT INTO transaction_detail VALUES("16","","3","98.6","","","","21","","15","guest","2020-10-08 18:08:34");
INSERT INTO transaction_detail VALUES("17","","3","98.6","","","","21","","16","guest","2020-10-09 13:05:19");
INSERT INTO transaction_detail VALUES("18","1","","14.0","349.6","20","1.000","2","2","","membership","2020-10-14 19:18:26");
INSERT INTO transaction_detail VALUES("19","3","","14.0","-36.0","20","1.000","2","2","","membership","2020-10-14 19:34:47");
INSERT INTO transaction_detail VALUES("20","2","","14.0","-14.0","20","1.000","2","2","","membership","2020-10-14 19:36:45");
INSERT INTO transaction_detail VALUES("21","1","","14.0","335.6","20","1.000","2","2","","membership","2020-10-14 19:45:50");
INSERT INTO transaction_detail VALUES("22","1","","14.0","321.6","20","1.000","2","2","","membership","2020-10-15 15:11:46");
INSERT INTO transaction_detail VALUES("23","6","","14.0","-14.0","20","1.000","2","2","","membership","2020-10-15 15:12:07");
INSERT INTO transaction_detail VALUES("24","2","","14.0","-28.0","20","1.000","2","2","","membership","2020-10-15 15:47:37");
INSERT INTO transaction_detail VALUES("25","2","","98.6","-126.6","","","2","2","20","membership","2020-10-15 15:55:50");
INSERT INTO transaction_detail VALUES("26","2","","98.6","-225.2","","","2","2","20","membership","2020-10-15 16:02:36");
INSERT INTO transaction_detail VALUES("27","1","","14.0","607.6","20","1.000","2","2","","membership","2020-10-15 19:54:26");
INSERT INTO transaction_detail VALUES("28","3","","14.0","-50.0","20","1.000","2","2","","membership","2020-10-15 23:45:54");



CREATE TABLE `unit` (
  `unit_id` int(11) NOT NULL AUTO_INCREMENT,
  `unit_name` text NOT NULL,
  PRIMARY KEY (`unit_id`)
) ENGINE=InnoDB AUTO_INCREMENT=6 DEFAULT CHARSET=latin1;

INSERT INTO unit VALUES("2","kg");
INSERT INTO unit VALUES("3","Letter");
INSERT INTO unit VALUES("4","Pkt");
INSERT INTO unit VALUES("5","Pcs");



CREATE TABLE `vacation` (
  `vacation_id` int(11) NOT NULL AUTO_INCREMENT,
  `customer_id` int(11) NOT NULL,
  `start_date` date NOT NULL,
  `end_date` date NOT NULL,
  `shift` text NOT NULL,
  PRIMARY KEY (`vacation_id`)
) ENGINE=InnoDB AUTO_INCREMENT=16 DEFAULT CHARSET=latin1;

INSERT INTO vacation VALUES("4","30","2019-12-15","2019-12-25","both");
INSERT INTO vacation VALUES("7","32","2019-12-26","2019-12-27","morning");
INSERT INTO vacation VALUES("10","38","2020-02-25","2020-02-26","morning");
INSERT INTO vacation VALUES("11","503","2020-06-15","2020-06-18","morning");
INSERT INTO vacation VALUES("12","53","2020-08-01","2020-08-05","morning");
INSERT INTO vacation VALUES("13","54","2020-08-01","2020-08-05","morning");
INSERT INTO vacation VALUES("14","53","2020-09-20","2020-09-24","morning");
INSERT INTO vacation VALUES("15","59","2020-09-18","2020-09-21","morning");

